account_amount,duration,credit_history,credit_purpose,credit_amount,savings_amount,employment_length,installment_rate,personal_status_sex,other_debtors,residence_length,property,age,installment_plans,housing,existing_credits,job,dependents,telephone,foreign_worker,credit_score,person_id,sex
A12,48,A32,A43,5951,A61,A73,2,A92,A101,2,A121,22,A143,A152,1,A173,1,A191,A201,0,1,female
A14,12,A32,A43,3059,A64,A74,2,A91,A101,4,A121,61,A143,A152,1,A172,1,A191,A201,1,8,male
A12,30,A34,A40,5234,A61,A71,4,A94,A101,2,A123,28,A143,A152,2,A174,1,A191,A201,0,9,male
A12,12,A32,A40,1295,A61,A72,3,A92,A101,1,A123,25,A143,A151,1,A173,1,A191,A201,0,10,female
A11,48,A32,A49,4308,A61,A72,3,A92,A101,4,A122,24,A143,A151,1,A173,1,A191,A201,0,11,female
A12,12,A32,A43,1567,A61,A73,1,A92,A101,1,A123,22,A143,A152,1,A173,1,A192,A201,1,12,female
A11,15,A32,A40,1403,A61,A73,2,A92,A101,4,A123,28,A143,A151,1,A173,1,A191,A201,1,14,female
A11,24,A32,A43,1282,A62,A73,4,A92,A101,2,A123,32,A143,A152,1,A172,1,A191,A201,0,15,female
A12,24,A32,A41,12579,A61,A75,4,A92,A101,2,A124,44,A143,A153,1,A174,1,A192,A201,0,18,female
A14,10,A34,A42,2069,A65,A73,2,A94,A101,1,A123,26,A143,A152,2,A173,1,A191,A202,1,24,male
A14,6,A30,A43,426,A61,A75,4,A94,A101,4,A123,39,A143,A152,1,A172,1,A191,A201,1,26,male
A13,12,A31,A43,409,A64,A73,3,A92,A101,3,A121,42,A143,A151,2,A173,1,A191,A201,1,27,female
A12,18,A32,A49,1913,A64,A72,3,A94,A101,3,A121,36,A141,A152,1,A173,1,A192,A201,1,30,male
A13,12,A32,A42,1474,A61,A72,4,A92,A101,1,A122,33,A141,A152,1,A174,1,A192,A201,1,34,female
A12,12,A32,A43,1158,A63,A73,3,A91,A101,1,A123,26,A143,A152,1,A173,1,A192,A201,1,41,male
A11,30,A34,A41,6187,A62,A74,1,A94,A101,4,A123,24,A143,A151,2,A173,1,A191,A201,1,43,male
A11,48,A34,A41,6143,A61,A75,4,A92,A101,4,A124,58,A142,A153,2,A172,1,A191,A201,0,44,female
A14,11,A34,A40,1393,A61,A72,4,A92,A101,4,A123,35,A143,A152,2,A174,1,A191,A201,1,45,female
A11,6,A32,A41,1352,A63,A71,1,A92,A101,2,A122,23,A143,A151,1,A171,1,A192,A201,1,47,female
A14,12,A32,A43,2073,A62,A73,4,A92,A102,2,A121,28,A143,A152,1,A173,1,A191,A201,1,49,female
A14,36,A34,A43,9566,A61,A73,2,A92,A101,2,A123,31,A142,A152,2,A173,1,A191,A201,1,57,female
A13,18,A32,A40,1961,A61,A75,3,A92,A101,2,A123,23,A143,A152,1,A174,1,A191,A201,1,58,female
A11,36,A34,A42,6229,A61,A72,4,A92,A102,4,A124,23,A143,A151,2,A172,1,A192,A201,0,59,female
A12,9,A32,A49,1391,A61,A73,2,A94,A101,1,A121,27,A141,A152,1,A173,1,A192,A201,1,60,male
A14,24,A32,A43,3181,A61,A72,4,A92,A101,4,A122,26,A143,A152,1,A173,1,A192,A201,1,64,female
A14,12,A32,A43,2171,A61,A72,2,A92,A101,2,A123,29,A141,A152,1,A173,1,A191,A201,1,66,female
A12,12,A32,A40,1007,A64,A73,4,A94,A101,1,A121,22,A143,A152,1,A173,1,A191,A201,1,67,male
A14,36,A32,A43,2394,A65,A73,4,A92,A101,4,A123,25,A143,A152,1,A173,1,A191,A201,1,69,female
A14,36,A32,A41,8133,A61,A73,1,A92,A101,2,A122,30,A141,A152,1,A173,1,A191,A201,1,70,female
A12,42,A34,A49,5954,A61,A74,2,A92,A101,1,A121,41,A141,A152,2,A172,1,A191,A201,1,73,female
A12,30,A32,A42,3832,A61,A72,2,A94,A101,1,A122,22,A143,A152,1,A173,1,A191,A201,1,79,male
A14,24,A32,A43,5943,A65,A72,1,A92,A101,1,A123,44,A143,A152,2,A173,1,A192,A201,0,80,female
A14,18,A32,A49,1568,A62,A73,3,A92,A101,4,A122,24,A143,A151,1,A172,1,A191,A201,1,82,female
A11,24,A32,A410,1755,A61,A75,4,A92,A103,4,A121,58,A143,A152,1,A172,1,A192,A201,1,83,female
A14,12,A34,A49,1412,A61,A73,4,A92,A103,2,A121,29,A143,A152,2,A174,1,A192,A201,1,85,female
A12,18,A34,A42,1295,A61,A72,4,A92,A101,1,A122,27,A143,A152,2,A173,1,A191,A201,1,86,female
A14,12,A34,A43,797,A65,A75,4,A92,A101,3,A122,33,A141,A152,1,A172,2,A191,A201,0,92,female
A14,12,A34,A46,2012,A65,A74,4,A92,A101,2,A123,61,A143,A152,1,A173,1,A191,A201,1,96,female
A14,24,A32,A40,1469,A62,A75,4,A94,A101,4,A121,41,A143,A151,1,A172,1,A191,A201,1,100,male
A14,6,A33,A43,932,A61,A73,3,A92,A101,2,A121,24,A143,A152,1,A173,1,A191,A201,1,102,female
A14,12,A32,A41,2445,A65,A72,2,A94,A101,4,A123,26,A143,A151,1,A173,1,A192,A201,1,104,male
A11,24,A32,A42,7721,A65,A72,1,A92,A101,2,A122,30,A143,A152,1,A173,1,A192,A202,1,108,female
A12,14,A32,A49,1410,A63,A75,1,A94,A101,2,A121,35,A143,A152,1,A173,1,A192,A201,1,109,male
A12,6,A33,A49,1449,A62,A75,1,A91,A101,2,A123,31,A141,A152,2,A173,2,A191,A201,1,110,male
A13,15,A32,A46,392,A61,A72,4,A92,A101,4,A122,23,A143,A151,1,A173,1,A192,A201,1,111,female
A14,36,A34,A40,7855,A61,A73,4,A92,A101,2,A121,25,A142,A152,2,A173,1,A192,A201,0,113,female
A11,12,A32,A43,1680,A63,A75,3,A94,A101,1,A121,35,A143,A152,1,A173,1,A191,A201,1,114,male
A11,42,A32,A43,7174,A65,A74,4,A92,A101,3,A123,30,A143,A152,1,A174,1,A192,A201,0,116,female
A11,10,A34,A42,2132,A65,A72,2,A92,A102,3,A121,27,A143,A151,2,A173,1,A191,A202,1,117,female
A11,33,A34,A42,4281,A63,A73,1,A92,A101,4,A123,23,A143,A152,2,A173,1,A191,A201,0,118,female
A12,12,A34,A40,2366,A63,A74,3,A91,A101,3,A123,36,A143,A152,1,A174,1,A192,A201,1,119,male
A11,21,A32,A43,1835,A61,A73,3,A92,A101,2,A121,25,A143,A152,2,A173,1,A192,A201,0,120,female
A14,24,A34,A41,3868,A61,A75,4,A92,A101,2,A123,41,A143,A151,2,A174,1,A192,A201,1,121,female
A12,18,A32,A42,1924,A65,A72,4,A92,A101,3,A121,27,A143,A151,1,A173,1,A191,A201,0,124,female
A11,12,A32,A43,701,A61,A73,4,A94,A101,2,A121,40,A143,A152,1,A172,1,A191,A201,1,126,male
A11,12,A34,A40,3499,A61,A73,3,A92,A102,2,A121,29,A143,A152,2,A173,1,A191,A201,0,129,female
A12,48,A32,A40,8487,A65,A74,1,A92,A101,2,A123,24,A143,A152,1,A173,1,A191,A201,1,130,female
A14,60,A32,A43,10144,A62,A74,2,A92,A101,4,A121,21,A143,A152,1,A173,1,A192,A201,1,134,female
A14,12,A34,A43,1240,A65,A75,4,A92,A101,2,A121,38,A143,A152,2,A173,1,A192,A201,1,135,female
A13,12,A32,A43,1881,A61,A73,2,A92,A101,2,A123,44,A143,A151,1,A172,1,A192,A201,1,139,female
A13,6,A32,A40,709,A64,A72,2,A94,A101,2,A121,27,A143,A152,1,A171,1,A191,A202,1,140,male
A12,36,A32,A43,4795,A61,A72,4,A92,A101,1,A124,30,A143,A152,1,A174,1,A192,A201,1,141,female
A14,21,A34,A42,2288,A61,A72,4,A92,A101,4,A122,23,A143,A152,1,A173,1,A192,A201,1,144,female
A11,6,A34,A40,860,A61,A75,1,A92,A101,4,A124,39,A143,A152,2,A173,1,A192,A201,1,146,female
A14,12,A34,A40,682,A62,A74,4,A92,A101,3,A123,51,A143,A152,2,A173,1,A192,A201,1,147,female
A12,24,A34,A41,7758,A64,A75,2,A92,A101,4,A124,29,A143,A151,1,A173,1,A191,A201,1,153,female
A11,12,A32,A42,1282,A61,A73,2,A92,A101,4,A123,20,A143,A151,1,A173,1,A191,A201,0,155,female
A11,12,A31,A48,339,A61,A75,4,A94,A101,1,A123,45,A141,A152,1,A172,1,A191,A201,1,157,male
A14,18,A34,A40,1055,A61,A72,4,A92,A101,1,A122,30,A143,A152,2,A173,1,A191,A201,1,161,female
A11,18,A32,A42,1131,A61,A71,4,A92,A101,2,A123,33,A143,A152,1,A173,1,A191,A201,0,166,female
A12,11,A32,A42,1577,A64,A72,4,A92,A101,1,A121,20,A143,A152,1,A173,1,A191,A201,1,167,female
A14,24,A32,A42,3972,A61,A74,2,A92,A101,4,A122,25,A143,A151,1,A173,1,A192,A201,1,168,female
A12,24,A34,A49,1935,A61,A75,4,A91,A101,4,A121,31,A143,A152,2,A173,1,A192,A201,0,169,male
A14,12,A32,A42,763,A61,A73,4,A92,A101,1,A121,26,A143,A152,1,A173,1,A192,A201,1,171,female
A12,24,A33,A42,2064,A61,A71,3,A92,A101,2,A122,34,A143,A152,1,A174,1,A192,A201,0,172,female
A14,30,A31,A41,7485,A65,A71,4,A92,A101,1,A121,53,A141,A152,1,A174,1,A192,A201,0,175,female
A11,12,A32,A42,2577,A61,A73,2,A91,A101,1,A123,42,A143,A152,1,A173,1,A191,A201,1,176,male
A14,36,A33,A49,9572,A61,A72,1,A91,A101,1,A123,28,A143,A152,2,A173,1,A191,A201,0,180,male
A12,36,A33,A49,4455,A61,A73,2,A91,A101,2,A121,30,A142,A152,2,A174,1,A192,A201,0,181,male
A12,9,A31,A41,5129,A61,A75,2,A92,A101,4,A124,74,A141,A153,1,A174,2,A192,A201,0,186,female
A11,12,A32,A43,674,A62,A74,4,A94,A101,1,A122,20,A143,A152,1,A173,1,A191,A201,0,188,male
A12,18,A30,A42,3244,A61,A73,1,A92,A101,4,A123,33,A141,A152,2,A173,1,A192,A201,1,189,female
A14,6,A32,A43,2108,A61,A74,2,A94,A101,2,A121,29,A143,A151,1,A173,1,A191,A201,1,193,male
A12,9,A34,A46,1501,A61,A75,2,A92,A101,3,A123,34,A143,A152,2,A174,1,A192,A201,0,195,female
A14,6,A34,A43,1382,A61,A73,1,A92,A101,1,A123,28,A143,A152,2,A173,1,A192,A201,1,196,female
A12,12,A32,A42,951,A62,A72,4,A92,A101,4,A123,27,A141,A151,4,A173,1,A191,A201,0,197,female
A12,18,A33,A42,4297,A61,A75,4,A91,A101,3,A124,40,A143,A152,1,A174,1,A192,A201,0,199,male
A11,12,A32,A40,1168,A61,A73,4,A94,A101,3,A121,27,A143,A152,1,A172,1,A191,A201,1,201,male
A11,12,A32,A48,902,A61,A74,4,A94,A101,4,A122,21,A143,A151,1,A173,1,A191,A201,0,203,male
A11,24,A32,A49,6568,A61,A73,2,A94,A101,2,A123,21,A142,A152,1,A172,1,A191,A201,1,208,male
A14,36,A32,A43,3835,A65,A75,2,A92,A101,4,A121,45,A143,A152,1,A172,1,A192,A201,1,211,female
A12,6,A34,A48,932,A65,A74,1,A92,A101,3,A122,39,A143,A152,2,A172,1,A191,A201,1,215,female
A11,24,A32,A42,3021,A61,A73,2,A91,A101,2,A121,24,A143,A151,1,A172,1,A191,A201,1,218,male
A14,10,A32,A40,1364,A61,A73,2,A92,A101,4,A123,64,A143,A152,1,A173,1,A192,A201,1,219,female
A12,12,A32,A43,625,A61,A72,4,A94,A103,1,A121,26,A141,A152,1,A172,1,A191,A201,1,220,male
A11,12,A32,A46,1200,A65,A73,4,A92,A101,4,A122,23,A141,A151,1,A173,1,A192,A201,1,221,female
A12,18,A32,A43,866,A61,A73,4,A94,A103,2,A121,25,A143,A152,1,A172,1,A191,A201,1,233,male
A12,21,A32,A49,2767,A62,A75,4,A91,A101,2,A123,61,A141,A151,2,A172,1,A191,A201,0,237,male
A14,12,A34,A43,1291,A61,A73,4,A92,A101,2,A122,35,A143,A152,2,A173,1,A191,A201,1,238,female
A11,24,A32,A40,915,A65,A75,4,A92,A101,2,A123,29,A141,A152,1,A173,1,A191,A201,0,240,female
A14,12,A34,A49,1185,A61,A73,3,A92,A101,2,A121,27,A143,A152,2,A173,1,A191,A201,1,243,female
A14,12,A31,A48,3447,A63,A73,4,A92,A101,3,A121,35,A143,A152,1,A172,2,A191,A201,1,244,female
A14,18,A32,A43,433,A61,A71,3,A92,A102,4,A121,22,A143,A151,1,A173,1,A191,A201,0,249,female
A11,6,A34,A40,666,A64,A74,3,A92,A101,4,A121,39,A143,A152,2,A172,1,A192,A201,1,250,female
A13,12,A32,A42,2251,A61,A73,1,A92,A101,2,A123,46,A143,A152,1,A172,1,A191,A201,1,251,female
A12,30,A32,A40,2150,A61,A73,4,A92,A103,2,A124,24,A141,A152,1,A173,1,A191,A201,0,252,female
A11,12,A31,A43,2149,A61,A73,4,A91,A101,1,A124,29,A143,A153,1,A173,1,A191,A201,0,257,male
A14,15,A32,A41,3812,A62,A72,1,A92,A101,4,A123,23,A143,A152,1,A173,1,A192,A201,1,258,female
A14,11,A34,A43,1154,A62,A71,4,A92,A101,4,A121,57,A143,A152,3,A172,1,A191,A201,1,259,female
A11,24,A32,A43,1603,A61,A75,4,A92,A101,4,A123,55,A143,A152,1,A173,1,A191,A201,1,261,female
A14,12,A34,A46,2748,A61,A75,2,A92,A101,4,A124,57,A141,A153,3,A172,1,A191,A201,1,263,female
A14,24,A32,A43,1533,A61,A72,4,A92,A101,3,A123,38,A142,A152,1,A173,1,A192,A201,1,267,female
A11,14,A32,A40,8978,A61,A75,1,A91,A101,4,A122,45,A143,A152,1,A174,1,A192,A202,0,268,male
A14,12,A34,A42,1402,A63,A74,3,A92,A101,4,A123,37,A143,A151,1,A173,1,A192,A201,1,271,female
A11,30,A32,A45,11998,A61,A72,1,A91,A101,1,A124,34,A143,A152,1,A172,1,A192,A201,0,274,male
A14,18,A34,A43,2404,A61,A73,2,A92,A101,2,A123,26,A143,A152,2,A173,1,A191,A201,1,276,female
A11,12,A32,A42,1262,A65,A75,2,A91,A101,4,A122,49,A143,A152,1,A172,1,A192,A201,1,277,male
A14,6,A32,A42,4611,A61,A72,1,A92,A101,4,A122,32,A143,A152,1,A173,1,A191,A201,0,278,female
A12,24,A34,A40,3878,A62,A72,4,A91,A101,2,A123,37,A143,A152,1,A173,1,A192,A201,1,284,male
A11,47,A32,A40,10722,A61,A72,1,A92,A101,1,A121,35,A143,A152,1,A172,1,A192,A201,1,285,female
A12,12,A32,A43,1092,A61,A73,4,A92,A103,4,A121,49,A143,A152,2,A173,1,A192,A201,1,288,female
A11,24,A33,A43,1024,A61,A72,4,A94,A101,4,A121,48,A142,A152,1,A173,1,A191,A201,0,289,male
A14,12,A32,A49,1076,A61,A73,2,A94,A101,2,A121,26,A143,A152,1,A173,1,A192,A202,1,290,male
A12,36,A32,A41,9398,A61,A72,1,A94,A101,4,A123,28,A143,A151,1,A174,1,A192,A201,0,291,male
A11,24,A34,A41,6419,A61,A75,2,A92,A101,4,A124,44,A143,A153,2,A174,2,A192,A201,1,292,female
A14,48,A34,A49,7629,A65,A75,4,A91,A101,2,A123,46,A141,A152,2,A174,2,A191,A201,1,294,male
A12,48,A32,A42,9960,A61,A72,1,A92,A101,2,A123,26,A143,A152,1,A173,1,A192,A201,0,295,female
A14,12,A32,A41,4675,A65,A72,1,A92,A101,4,A123,20,A143,A151,1,A173,1,A191,A201,1,296,female
A14,6,A32,A40,672,A61,A71,1,A92,A101,4,A121,54,A143,A152,1,A171,1,A192,A201,1,300,female
A12,36,A30,A43,3804,A61,A73,4,A92,A101,1,A123,42,A143,A152,1,A173,1,A192,A201,0,301,female
A14,6,A32,A42,1543,A64,A73,4,A91,A101,2,A121,33,A143,A152,1,A173,1,A191,A201,1,305,male
A14,30,A32,A41,4811,A65,A74,2,A92,A101,4,A122,24,A142,A151,1,A172,1,A191,A201,1,306,female
A11,12,A32,A43,727,A62,A72,4,A94,A101,3,A124,33,A143,A152,1,A172,1,A192,A201,0,307,male
A12,8,A32,A42,1237,A61,A73,3,A92,A101,4,A121,24,A143,A152,1,A173,1,A191,A201,0,308,female
A12,9,A32,A40,276,A61,A73,4,A94,A101,4,A121,22,A143,A151,1,A172,1,A191,A201,1,309,male
A13,24,A32,A42,3749,A61,A72,2,A92,A101,4,A123,26,A143,A152,1,A173,1,A191,A201,1,312,female
A12,12,A32,A40,685,A61,A74,2,A94,A101,3,A123,25,A141,A152,1,A172,1,A191,A201,0,313,male
A12,24,A32,A42,4351,A65,A73,1,A92,A101,4,A122,48,A143,A152,1,A172,1,A192,A201,1,317,female
A11,15,A33,A42,3643,A61,A75,1,A92,A101,4,A122,27,A143,A152,2,A172,1,A191,A201,1,319,female
A12,30,A34,A40,4249,A61,A71,4,A94,A101,2,A123,28,A143,A152,2,A174,1,A191,A201,0,320,male
A11,24,A32,A43,1938,A61,A72,4,A91,A101,3,A122,32,A143,A152,1,A173,1,A191,A201,0,321,male
A14,18,A34,A40,1028,A61,A73,4,A92,A101,3,A121,36,A143,A152,2,A173,1,A191,A201,1,324,female
A14,24,A32,A40,1525,A64,A74,4,A92,A101,3,A123,34,A143,A152,1,A173,2,A192,A201,1,327,female
A14,18,A34,A46,1864,A62,A73,4,A92,A101,2,A121,30,A143,A152,2,A173,1,A191,A201,0,331,female
A12,60,A32,A40,7408,A62,A72,4,A92,A101,2,A122,24,A143,A152,1,A174,1,A191,A201,0,332,female
A14,48,A34,A41,11590,A62,A73,2,A92,A101,4,A123,24,A141,A151,2,A172,1,A191,A201,0,333,female
A11,6,A34,A42,3384,A61,A73,1,A91,A101,4,A121,44,A143,A151,1,A174,1,A192,A201,0,335,male
A12,13,A32,A43,2101,A61,A72,2,A92,A103,4,A122,23,A143,A152,1,A172,1,A191,A201,1,336,female
A11,15,A32,A44,1275,A65,A73,4,A92,A101,2,A123,24,A143,A151,1,A173,1,A191,A201,0,337,female
A12,10,A32,A42,1521,A61,A73,4,A91,A101,2,A123,31,A143,A152,1,A172,1,A191,A201,1,339,male
A12,24,A34,A46,5743,A61,A72,2,A92,A101,4,A124,24,A143,A153,2,A173,1,A192,A201,1,340,female
A11,21,A32,A42,3599,A61,A74,1,A92,A101,4,A123,26,A143,A151,1,A172,1,A191,A201,1,341,female
A12,18,A32,A43,3213,A63,A72,1,A94,A101,3,A121,25,A143,A151,1,A173,1,A191,A201,1,342,male
A14,15,A34,A43,1459,A61,A73,4,A92,A101,2,A123,43,A143,A152,1,A172,1,A191,A201,1,345,female
A12,24,A32,A43,3758,A63,A71,1,A92,A101,4,A124,23,A143,A151,1,A171,1,A191,A201,1,347,female
A14,9,A32,A44,1236,A61,A72,1,A92,A101,4,A121,23,A143,A151,1,A173,1,A192,A201,1,350,female
A12,9,A32,A42,959,A61,A73,1,A92,A101,2,A123,29,A143,A152,1,A173,1,A191,A202,0,351,female
A14,12,A32,A43,776,A61,A73,4,A94,A101,2,A121,28,A143,A152,1,A173,1,A191,A201,1,358,male
A11,30,A32,A42,2406,A61,A74,4,A92,A101,4,A121,23,A143,A151,1,A173,1,A191,A201,0,359,female
A13,12,A33,A40,2247,A61,A73,2,A92,A101,2,A123,36,A142,A152,2,A173,1,A192,A201,1,362,female
A14,6,A32,A42,1766,A61,A73,1,A94,A101,2,A122,21,A143,A151,1,A173,1,A191,A201,1,363,male
A11,18,A32,A42,3650,A61,A72,1,A92,A101,4,A123,22,A143,A151,1,A173,1,A191,A201,1,367,female
A12,18,A32,A42,3001,A61,A74,2,A92,A101,4,A121,40,A143,A151,1,A173,1,A191,A201,1,369,female
A14,10,A34,A42,2146,A61,A72,1,A92,A101,3,A121,23,A143,A151,2,A173,1,A191,A201,1,372,female
A12,60,A31,A410,14782,A62,A75,3,A92,A101,4,A124,60,A141,A153,2,A174,1,A192,A201,0,374,female
A11,48,A31,A49,7685,A61,A74,2,A92,A103,4,A123,37,A143,A151,1,A173,1,A191,A201,0,375,female
A14,18,A33,A43,2320,A61,A71,2,A94,A101,3,A121,34,A143,A152,2,A173,1,A191,A201,1,376,male
A14,6,A34,A40,362,A62,A73,4,A92,A101,4,A123,52,A143,A152,2,A172,1,A191,A201,1,379,female
A12,18,A32,A41,12976,A61,A71,3,A92,A101,4,A124,38,A143,A153,1,A174,1,A192,A201,0,381,female
A14,22,A32,A40,1283,A65,A74,4,A92,A101,4,A122,25,A143,A151,1,A173,1,A191,A201,1,382,female
A14,18,A34,A43,2238,A61,A73,2,A92,A101,1,A123,25,A143,A152,2,A173,1,A191,A201,1,385,female
A14,18,A32,A43,1126,A65,A72,4,A92,A101,2,A121,21,A143,A151,1,A173,1,A192,A201,1,386,female
A14,9,A32,A49,1449,A61,A74,3,A92,A101,2,A123,27,A143,A152,2,A173,1,A191,A201,1,389,female
A14,18,A32,A40,1820,A61,A73,2,A94,A101,2,A122,30,A143,A152,1,A174,1,A192,A201,1,390,male
A12,12,A32,A42,983,A64,A72,1,A92,A101,4,A121,19,A143,A151,1,A172,1,A191,A201,1,391,female
A11,6,A34,A43,1957,A61,A74,1,A92,A101,4,A123,31,A143,A152,1,A173,1,A191,A201,1,393,female
A11,12,A32,A42,2578,A61,A71,3,A92,A101,4,A124,55,A143,A153,1,A174,1,A191,A201,1,396,female
A11,36,A34,A42,2348,A61,A73,3,A94,A101,2,A122,46,A143,A152,2,A173,1,A192,A201,1,397,male
A12,12,A32,A40,1223,A61,A75,1,A91,A101,1,A121,46,A143,A151,2,A173,1,A191,A201,0,398,male
A14,24,A34,A43,1516,A64,A73,4,A92,A101,1,A121,43,A143,A152,2,A172,1,A191,A201,1,399,female
A14,18,A32,A43,1473,A61,A72,3,A94,A101,4,A121,39,A143,A152,1,A173,1,A192,A201,1,400,male
A12,18,A34,A49,1887,A65,A73,4,A94,A101,4,A121,28,A141,A152,2,A173,1,A191,A201,1,401,male
A12,24,A32,A43,2039,A61,A72,1,A94,A101,1,A122,22,A143,A152,1,A173,1,A192,A201,0,405,male
A11,15,A32,A43,1053,A61,A72,4,A94,A101,2,A121,27,A143,A152,1,A173,1,A191,A202,1,407,male
A14,24,A32,A43,3235,A63,A75,3,A91,A101,2,A123,26,A143,A152,1,A174,1,A192,A201,1,408,male
A13,12,A34,A40,939,A63,A74,4,A94,A101,2,A121,28,A143,A152,3,A173,1,A192,A201,0,409,male
A12,24,A32,A43,1967,A61,A75,4,A92,A101,4,A123,20,A143,A152,1,A173,1,A192,A201,1,410,female
A11,24,A32,A40,1381,A65,A73,4,A92,A101,2,A122,35,A143,A152,1,A173,1,A191,A201,0,414,female
A11,18,A33,A46,8471,A65,A73,1,A92,A101,2,A123,23,A143,A151,2,A173,1,A192,A201,1,417,female
A14,21,A32,A40,2782,A63,A74,1,A92,A101,2,A123,31,A141,A152,1,A174,1,A191,A201,1,418,female
A12,18,A32,A40,1042,A65,A73,4,A92,A101,2,A122,33,A143,A152,1,A173,1,A191,A201,0,419,female
A14,15,A32,A40,3186,A64,A74,2,A92,A101,3,A123,20,A143,A151,1,A173,1,A191,A201,1,420,female
A12,12,A32,A42,2762,A65,A75,1,A92,A101,2,A122,25,A141,A152,1,A173,1,A192,A201,0,424,female
A12,18,A32,A41,2779,A61,A73,1,A94,A101,3,A123,21,A143,A151,1,A173,1,A192,A201,1,425,male
A11,18,A34,A45,1190,A61,A71,2,A92,A101,4,A124,55,A143,A153,3,A171,2,A191,A201,0,429,female
A14,24,A34,A45,2058,A61,A73,4,A91,A101,2,A121,33,A143,A152,2,A173,1,A192,A201,1,433,male
A12,12,A32,A43,1484,A65,A73,2,A94,A101,1,A121,25,A143,A152,1,A173,1,A192,A201,0,435,male
A14,6,A32,A45,660,A63,A74,2,A94,A101,4,A121,23,A143,A151,1,A172,1,A191,A201,1,436,male
A14,24,A34,A40,1287,A64,A75,4,A92,A101,4,A121,37,A143,A152,2,A173,1,A192,A201,1,437,female
A13,12,A31,A49,609,A61,A72,4,A92,A101,1,A121,26,A143,A152,1,A171,1,A191,A201,0,439,female
A11,12,A32,A42,1620,A61,A73,2,A92,A102,3,A122,30,A143,A152,1,A173,1,A191,A201,1,441,female
A12,48,A34,A42,5096,A61,A73,2,A92,A101,3,A123,30,A143,A152,1,A174,1,A192,A201,0,444,female
A14,9,A34,A46,1244,A65,A75,4,A92,A101,4,A122,41,A143,A151,2,A172,1,A191,A201,1,445,female
A11,36,A32,A40,1842,A61,A72,4,A92,A101,4,A123,34,A143,A152,1,A173,1,A192,A201,0,446,female
A13,12,A32,A42,1424,A65,A75,3,A92,A101,4,A121,55,A143,A152,1,A174,1,A192,A201,1,448,female
A12,15,A33,A45,1512,A64,A73,3,A94,A101,3,A122,61,A142,A152,2,A173,1,A191,A201,0,449,male
A14,6,A32,A43,518,A61,A73,3,A92,A101,1,A121,29,A143,A152,1,A173,1,A191,A201,1,451,female
A14,24,A32,A41,2679,A61,A72,4,A92,A101,1,A124,29,A143,A152,1,A174,1,A192,A201,1,455,female
A11,6,A32,A44,343,A61,A72,4,A92,A101,1,A121,27,A143,A152,1,A173,1,A191,A201,1,458,female
A12,12,A32,A42,3017,A61,A72,3,A92,A101,1,A121,34,A143,A151,1,A174,1,A191,A201,1,462,female
A11,24,A33,A43,1659,A61,A72,4,A92,A101,2,A123,29,A143,A151,1,A172,1,A192,A201,0,466,female
A14,33,A33,A49,2764,A61,A73,2,A92,A101,2,A123,26,A143,A152,2,A173,1,A192,A201,1,468,female
A12,24,A32,A43,3092,A62,A72,3,A94,A101,2,A123,22,A143,A151,1,A173,1,A192,A201,0,470,male
A11,6,A32,A46,448,A61,A72,4,A92,A101,4,A122,23,A143,A152,1,A173,1,A191,A201,0,471,female
A12,18,A34,A43,1245,A61,A73,4,A94,A101,2,A123,33,A143,A152,1,A173,1,A191,A201,0,474,male
A11,18,A30,A42,3114,A61,A72,1,A92,A101,4,A122,26,A143,A151,1,A173,1,A191,A201,0,475,female
A12,12,A34,A43,3573,A61,A73,1,A92,A101,1,A121,23,A143,A152,1,A172,1,A191,A201,1,480,female
A11,30,A32,A42,3622,A64,A75,4,A92,A101,4,A122,57,A143,A151,2,A173,1,A192,A201,1,482,female
A14,15,A33,A42,960,A64,A74,3,A92,A101,2,A122,30,A143,A152,2,A173,1,A191,A201,1,483,female
A14,24,A32,A40,3757,A61,A75,4,A92,A102,4,A124,62,A143,A153,1,A173,1,A192,A201,1,487,female
A12,27,A30,A49,8318,A61,A75,2,A92,A101,4,A124,42,A143,A153,2,A174,1,A192,A201,0,491,female
A14,6,A34,A43,1237,A62,A73,1,A92,A101,1,A122,27,A143,A152,2,A173,1,A191,A201,1,492,female
A11,24,A32,A42,2996,A65,A73,2,A94,A101,4,A123,20,A143,A152,1,A173,1,A191,A201,0,495,male
A12,18,A32,A43,1301,A61,A75,4,A94,A103,2,A121,32,A143,A152,1,A172,1,A191,A201,1,498,male
A13,6,A34,A40,1323,A62,A75,2,A91,A101,4,A123,28,A143,A152,2,A173,2,A192,A201,1,499,male
A11,24,A32,A40,3123,A61,A72,4,A92,A101,1,A122,27,A143,A152,1,A173,1,A191,A201,0,500,female
A13,9,A32,A43,1126,A62,A75,2,A91,A101,4,A121,49,A143,A152,1,A173,1,A191,A201,1,502,male
A11,24,A32,A40,1207,A61,A72,4,A92,A101,4,A122,24,A143,A151,1,A173,1,A191,A201,0,504,female
A14,24,A32,A43,1413,A61,A73,4,A94,A101,2,A122,28,A143,A152,1,A173,1,A191,A201,1,508,male
A12,12,A33,A43,585,A61,A73,4,A94,A102,4,A121,20,A143,A151,2,A173,1,A191,A201,1,513,male
A11,6,A34,A40,609,A61,A74,4,A92,A101,3,A122,37,A143,A152,2,A173,1,A191,A202,1,515,female
A14,36,A34,A42,7127,A61,A72,2,A92,A101,4,A122,23,A143,A151,2,A173,1,A192,A201,0,517,female
A11,18,A32,A43,3190,A61,A73,2,A92,A101,2,A121,24,A143,A152,1,A173,1,A191,A201,0,521,female
A14,24,A32,A41,3488,A62,A74,3,A92,A101,4,A123,23,A143,A152,1,A173,1,A191,A201,1,523,female
A12,18,A32,A43,1113,A61,A73,4,A92,A103,4,A121,26,A143,A152,1,A172,2,A191,A201,1,524,female
A14,15,A34,A46,1532,A62,A73,4,A92,A101,3,A123,31,A143,A152,1,A173,1,A191,A201,1,526,female
A11,36,A32,A43,2302,A61,A73,4,A91,A101,4,A123,31,A143,A151,1,A173,1,A191,A201,0,528,male
A12,15,A32,A40,2631,A62,A73,2,A92,A101,4,A123,28,A143,A151,2,A173,1,A192,A201,0,531,female
A14,12,A33,A41,1503,A61,A73,4,A94,A101,4,A121,41,A143,A151,1,A173,1,A191,A201,1,532,male
A14,24,A32,A43,1311,A62,A74,4,A94,A101,3,A122,26,A143,A152,1,A173,1,A192,A201,1,533,male
A13,21,A34,A46,2319,A61,A72,2,A91,A101,1,A123,33,A143,A151,1,A173,1,A191,A201,0,535,male
A11,6,A32,A40,1374,A65,A71,4,A92,A101,3,A122,75,A143,A152,1,A174,1,A192,A201,1,536,female
A12,18,A34,A42,3612,A61,A75,3,A92,A101,4,A122,37,A143,A152,1,A173,1,A192,A201,1,537,female
A13,18,A32,A42,3049,A61,A72,1,A92,A101,1,A122,45,A142,A152,1,A172,1,A191,A201,1,539,female
A12,12,A32,A43,1534,A61,A72,1,A94,A101,1,A121,23,A143,A151,1,A173,1,A191,A201,0,540,male
A14,24,A34,A40,2022,A61,A73,4,A92,A101,4,A123,37,A143,A152,1,A173,1,A192,A201,1,546,female
A11,12,A31,A43,626,A61,A73,4,A92,A101,4,A121,24,A141,A152,1,A172,1,A191,A201,0,548,female
A14,12,A34,A45,996,A65,A74,4,A92,A101,4,A121,23,A143,A152,2,A173,1,A191,A201,1,550,female
A11,48,A32,A43,6999,A61,A74,1,A94,A103,1,A121,34,A143,A152,2,A173,1,A192,A201,0,552,male
A12,9,A32,A46,1199,A61,A74,4,A92,A101,4,A122,67,A143,A152,2,A174,1,A192,A201,1,554,female
A12,18,A30,A40,2278,A62,A72,3,A92,A101,3,A123,28,A143,A152,2,A173,1,A191,A201,0,556,female
A14,21,A30,A40,5003,A65,A73,1,A92,A101,4,A122,29,A141,A152,2,A173,1,A192,A201,0,557,female
A13,6,A33,A43,683,A61,A72,2,A92,A101,1,A122,29,A141,A152,1,A173,1,A191,A201,1,562,female
A12,24,A33,A43,1553,A62,A74,3,A92,A101,2,A122,23,A143,A151,2,A173,1,A192,A201,1,565,female
A11,12,A32,A40,1372,A61,A74,2,A91,A101,3,A123,36,A143,A152,1,A173,1,A191,A201,0,566,male
A11,48,A32,A43,6758,A61,A73,3,A92,A101,2,A123,31,A143,A152,1,A173,1,A192,A201,0,569,female
A11,24,A32,A42,3234,A61,A72,4,A92,A101,4,A121,23,A143,A151,1,A172,1,A192,A201,0,570,female
A14,24,A32,A41,5433,A65,A71,2,A92,A101,4,A122,26,A143,A151,1,A174,1,A192,A201,1,572,female
A11,15,A32,A49,806,A61,A73,4,A92,A101,4,A122,22,A143,A152,1,A172,1,A191,A201,1,573,female
A14,15,A34,A42,2788,A61,A74,2,A92,A102,3,A123,24,A141,A152,2,A173,1,A191,A201,1,575,female
A12,12,A32,A43,2930,A61,A74,2,A92,A101,1,A121,27,A143,A152,1,A173,1,A191,A201,1,576,female
A14,24,A34,A46,1927,A65,A73,3,A92,A101,2,A123,33,A143,A152,2,A173,1,A192,A201,1,577,female
A12,36,A34,A40,2820,A61,A72,4,A91,A101,4,A123,27,A143,A152,2,A173,1,A191,A201,0,578,male
A14,24,A32,A48,937,A61,A72,4,A94,A101,3,A123,27,A143,A152,2,A172,1,A191,A201,1,579,male
A14,9,A32,A42,1388,A61,A73,4,A92,A101,2,A121,26,A143,A151,1,A173,1,A191,A201,1,582,female
A14,12,A32,A40,2133,A65,A75,4,A92,A101,4,A124,52,A143,A153,1,A174,1,A192,A201,1,584,female
A11,18,A32,A42,2039,A61,A73,1,A92,A101,4,A121,20,A141,A151,1,A173,1,A191,A201,0,585,female
A11,18,A32,A44,1217,A61,A73,4,A94,A101,3,A121,47,A143,A152,1,A172,1,A192,A201,0,588,male
A11,12,A34,A43,385,A61,A74,4,A92,A101,3,A121,58,A143,A152,4,A172,1,A192,A201,1,590,female
A12,24,A33,A40,1965,A65,A73,4,A92,A101,4,A123,42,A143,A151,2,A173,1,A192,A201,1,591,female
A14,21,A32,A49,1572,A64,A75,4,A92,A101,4,A121,36,A141,A152,1,A172,1,A191,A201,1,592,female
A12,24,A32,A40,2718,A61,A73,3,A92,A101,4,A122,20,A143,A151,1,A172,1,A192,A201,0,593,female
A12,6,A31,A40,931,A62,A72,1,A92,A101,1,A122,32,A142,A152,1,A172,1,A191,A201,0,595,female
A11,24,A32,A40,1442,A61,A74,4,A92,A101,4,A123,23,A143,A151,2,A173,1,A191,A201,0,596,female
A12,7,A32,A43,2329,A61,A72,1,A92,A103,1,A121,45,A143,A152,1,A173,1,A191,A201,1,600,female
A12,9,A32,A42,918,A61,A73,4,A92,A101,1,A122,30,A143,A152,1,A173,1,A191,A201,0,601,female
A12,24,A31,A46,1837,A61,A74,4,A92,A101,4,A124,34,A141,A153,1,A172,1,A191,A201,0,602,female
A14,36,A32,A42,3349,A61,A73,4,A92,A101,2,A123,28,A143,A152,1,A174,1,A192,A201,0,603,female
A13,10,A32,A42,1275,A61,A72,4,A92,A101,2,A122,23,A143,A152,1,A173,1,A191,A201,1,604,female
A12,36,A32,A43,2671,A62,A73,4,A92,A102,4,A124,50,A143,A153,1,A173,1,A191,A201,0,607,female
A11,12,A32,A44,741,A62,A71,4,A92,A101,3,A122,22,A143,A152,1,A173,1,A191,A201,0,610,female
A13,10,A32,A40,1240,A62,A75,1,A92,A101,4,A124,48,A143,A153,1,A172,2,A191,A201,0,611,female
A11,21,A32,A43,3357,A64,A72,4,A92,A101,2,A123,29,A141,A152,1,A173,1,A191,A201,1,612,female
A11,24,A31,A41,3632,A61,A73,1,A92,A103,4,A123,22,A141,A151,1,A173,1,A191,A202,1,613,female
A14,18,A33,A42,1808,A61,A74,4,A92,A101,1,A121,22,A143,A152,1,A173,1,A191,A201,0,614,female
A12,30,A32,A42,3441,A62,A73,2,A92,A102,4,A123,21,A143,A151,1,A173,1,A191,A201,0,618,female
A14,12,A32,A40,640,A61,A73,4,A91,A101,2,A121,49,A143,A152,1,A172,1,A191,A201,1,619,male
A14,48,A32,A49,3914,A65,A73,4,A91,A101,2,A121,38,A141,A152,1,A173,1,A191,A201,0,622,male
A11,12,A32,A42,1858,A61,A72,4,A92,A101,1,A123,22,A143,A151,1,A173,1,A191,A201,1,623,female
A11,24,A32,A43,3660,A61,A73,2,A92,A101,4,A123,28,A143,A152,1,A173,1,A191,A201,1,630,female
A14,9,A32,A42,1980,A61,A72,2,A92,A102,2,A123,19,A143,A151,2,A173,1,A191,A201,0,633,female
A12,24,A32,A40,1355,A61,A72,3,A92,A101,4,A123,25,A143,A152,1,A172,1,A192,A201,0,634,female
A14,24,A32,A43,1376,A63,A74,4,A92,A101,1,A123,28,A143,A152,1,A173,1,A191,A201,1,636,female
A14,12,A32,A43,1493,A61,A72,4,A92,A101,3,A123,34,A143,A152,1,A173,2,A191,A201,1,638,female
A11,18,A32,A46,750,A61,A71,4,A92,A101,1,A121,27,A143,A152,1,A171,1,A191,A201,0,640,female
A14,24,A34,A43,1851,A61,A74,4,A94,A103,2,A123,33,A143,A152,2,A173,1,A192,A201,1,643,male
A11,18,A34,A43,1880,A61,A74,4,A94,A101,1,A122,32,A143,A152,2,A174,1,A192,A201,1,644,male
A11,30,A30,A42,4583,A61,A73,2,A91,A103,2,A121,32,A143,A152,2,A173,1,A191,A201,1,646,male
A14,12,A32,A40,1386,A63,A73,2,A92,A101,2,A122,26,A143,A152,1,A173,1,A191,A201,0,647,female
A12,30,A30,A49,4221,A61,A73,2,A92,A101,1,A123,28,A143,A152,2,A173,1,A191,A201,1,658,female
A13,12,A32,A43,1297,A61,A73,3,A94,A101,4,A121,23,A143,A151,1,A173,1,A191,A201,1,660,male
A11,12,A32,A40,900,A65,A73,4,A94,A101,2,A123,23,A143,A152,1,A173,1,A191,A201,0,661,male
A13,6,A34,A46,1047,A61,A73,2,A92,A101,4,A122,50,A143,A152,1,A172,1,A191,A201,1,664,female
A14,48,A31,A49,3609,A61,A73,1,A92,A101,1,A121,27,A142,A152,1,A173,1,A191,A201,1,667,female
A14,6,A34,A40,2080,A63,A73,1,A94,A101,2,A123,24,A143,A152,1,A173,1,A191,A201,1,673,male
A14,30,A34,A43,4530,A61,A74,4,A92,A101,4,A123,26,A143,A151,1,A174,1,A192,A201,1,675,female
A12,72,A32,A43,5595,A62,A73,2,A94,A101,2,A123,24,A143,A152,1,A173,1,A191,A201,0,677,male
A14,18,A32,A43,1453,A61,A72,3,A92,A101,1,A121,26,A143,A152,1,A173,1,A191,A201,1,679,female
A14,6,A32,A46,1538,A61,A72,1,A92,A101,2,A124,56,A143,A152,1,A173,1,A191,A201,1,680,female
A14,15,A33,A43,1478,A61,A73,4,A94,A101,3,A121,33,A141,A152,2,A173,1,A191,A201,1,682,male
A14,24,A34,A43,5103,A61,A72,3,A94,A101,3,A124,47,A143,A153,3,A173,1,A192,A201,1,683,male
A11,15,A34,A42,975,A61,A73,2,A91,A101,3,A122,25,A143,A152,2,A173,1,A191,A201,1,690,male
A12,15,A32,A45,2631,A62,A73,3,A92,A101,2,A121,25,A143,A152,1,A172,1,A191,A201,1,691,female
A14,12,A34,A40,926,A61,A71,1,A92,A101,2,A122,38,A143,A152,1,A171,1,A191,A201,1,697,female
A14,12,A32,A42,1123,A63,A73,4,A92,A101,4,A123,29,A143,A151,1,A172,1,A191,A201,0,700,female
A13,24,A32,A43,1377,A62,A75,4,A92,A101,2,A124,47,A143,A153,1,A173,1,A192,A201,1,702,female
A12,27,A32,A49,2528,A61,A72,4,A92,A101,1,A122,32,A143,A152,1,A173,2,A192,A201,1,704,female
A14,15,A32,A40,5324,A63,A75,1,A92,A101,4,A124,35,A143,A153,1,A173,1,A191,A201,1,705,female
A12,12,A30,A42,2969,A61,A72,4,A92,A101,3,A122,25,A143,A151,2,A173,1,A191,A201,0,707,female
A12,9,A32,A43,1206,A61,A75,4,A92,A101,4,A121,25,A143,A152,1,A173,1,A191,A201,1,708,female
A11,6,A31,A46,1198,A61,A75,4,A92,A101,4,A124,35,A143,A153,1,A173,1,A191,A201,0,711,female
A12,20,A30,A41,6148,A62,A75,3,A94,A101,4,A123,31,A141,A152,2,A173,1,A192,A201,1,719,male
A12,6,A31,A46,433,A64,A72,4,A92,A101,2,A122,24,A141,A151,1,A173,2,A191,A201,0,721,female
A11,12,A32,A40,1228,A61,A73,4,A92,A101,2,A121,24,A143,A152,1,A172,1,A191,A201,0,722,female
A12,9,A32,A43,790,A63,A73,4,A92,A101,3,A121,66,A143,A152,1,A172,1,A191,A201,1,723,female
A14,27,A32,A40,2570,A61,A73,3,A92,A101,3,A121,21,A143,A151,1,A173,1,A191,A201,0,724,female
A14,6,A34,A40,250,A64,A73,2,A92,A101,2,A121,41,A141,A152,2,A172,1,A191,A201,1,725,female
A14,15,A34,A43,1316,A63,A73,2,A94,A101,2,A122,47,A143,A152,2,A172,1,A191,A201,1,726,male
A11,18,A32,A43,1882,A61,A73,4,A92,A101,4,A123,25,A141,A151,2,A173,1,A191,A201,0,727,female
A12,48,A31,A49,6416,A61,A75,4,A92,A101,3,A124,59,A143,A151,1,A173,1,A191,A201,0,728,female
A13,24,A34,A49,1275,A64,A73,2,A91,A101,4,A121,36,A143,A152,2,A173,1,A192,A201,1,729,male
A12,8,A32,A43,760,A61,A74,4,A92,A103,2,A121,44,A143,A152,1,A172,1,A191,A201,1,732,female
A14,24,A32,A41,2603,A64,A73,2,A92,A101,4,A123,28,A143,A151,1,A173,1,A192,A201,1,733,female
A14,4,A34,A40,3380,A61,A74,1,A92,A101,1,A121,37,A143,A152,1,A173,2,A191,A201,1,734,female
A12,36,A31,A44,3990,A65,A72,3,A92,A101,2,A124,29,A141,A152,1,A171,1,A191,A201,1,735,female
A12,24,A32,A41,11560,A61,A73,1,A92,A101,4,A123,23,A143,A151,2,A174,1,A191,A201,0,736,female
A12,30,A30,A49,4280,A62,A73,4,A92,A101,4,A123,26,A143,A151,2,A172,1,A191,A201,0,739,female
A11,15,A32,A40,2511,A61,A71,1,A92,A101,4,A123,23,A143,A151,1,A173,1,A191,A201,1,746,female
A11,12,A32,A40,1274,A61,A72,3,A92,A101,1,A121,37,A143,A152,1,A172,1,A191,A201,0,747,female
A11,6,A32,A42,428,A61,A75,2,A92,A101,1,A122,49,A141,A152,1,A173,1,A192,A201,1,750,female
A11,18,A32,A40,976,A61,A72,1,A92,A101,2,A123,23,A143,A152,1,A172,1,A191,A201,0,751,female
A12,12,A32,A49,841,A62,A74,2,A92,A101,4,A121,23,A143,A151,1,A172,1,A191,A201,1,752,female
A14,30,A34,A43,5771,A61,A74,4,A92,A101,2,A123,25,A143,A152,2,A173,1,A191,A201,1,753,female
A11,24,A32,A40,1285,A65,A74,4,A92,A101,4,A124,32,A143,A151,1,A173,1,A191,A201,0,755,female
A14,15,A34,A40,5045,A65,A75,1,A92,A101,4,A123,59,A143,A152,1,A173,1,A192,A201,1,760,female
A11,18,A34,A42,2124,A61,A73,4,A92,A101,4,A121,24,A143,A151,2,A173,1,A191,A201,0,761,female
A14,24,A34,A40,2463,A62,A74,4,A94,A101,3,A122,27,A143,A152,2,A173,1,A192,A201,1,764,male
A12,12,A32,A43,1155,A61,A75,3,A94,A103,3,A121,40,A141,A152,2,A172,1,A191,A201,1,765,male
A11,30,A32,A42,3108,A61,A72,2,A91,A101,4,A122,31,A143,A152,1,A172,1,A191,A201,0,766,male
A14,10,A32,A41,2901,A65,A72,1,A92,A101,4,A121,31,A143,A151,1,A173,1,A191,A201,1,767,female
A11,24,A32,A41,2812,A65,A75,2,A92,A101,4,A121,26,A143,A151,1,A173,1,A191,A201,1,770,female
A11,36,A34,A46,8065,A61,A73,3,A92,A101,2,A124,25,A143,A152,2,A174,1,A192,A201,0,771,female
A11,24,A32,A40,1371,A65,A73,4,A92,A101,4,A121,25,A143,A151,1,A173,1,A191,A201,0,775,female
A11,18,A32,A43,3509,A61,A74,4,A92,A103,1,A121,25,A143,A152,1,A173,1,A191,A201,1,777,female
A12,18,A32,A45,3872,A61,A71,2,A92,A101,4,A123,67,A143,A152,1,A173,1,A192,A201,1,779,female
A12,12,A32,A40,836,A62,A72,4,A92,A101,2,A122,23,A141,A152,1,A172,1,A191,A201,0,783,female
A12,20,A32,A41,6468,A65,A71,1,A91,A101,4,A121,60,A143,A152,1,A174,1,A192,A201,1,784,male
A12,21,A32,A49,1188,A61,A75,2,A92,A101,4,A122,39,A143,A152,1,A173,2,A191,A201,0,790,female
A14,6,A34,A42,1221,A65,A73,1,A94,A101,2,A122,27,A143,A152,2,A173,1,A191,A201,1,792,male
A13,24,A32,A42,2892,A61,A75,3,A91,A101,4,A124,51,A143,A153,1,A173,1,A191,A201,1,793,male
A14,9,A32,A42,2301,A62,A72,2,A92,A101,4,A122,22,A143,A151,1,A173,1,A191,A201,1,795,female
A14,12,A34,A42,1258,A61,A72,2,A92,A101,4,A122,22,A143,A151,2,A172,1,A191,A201,1,797,female
A14,24,A33,A40,717,A65,A75,4,A94,A101,4,A123,54,A143,A152,2,A173,1,A192,A201,1,798,male
A12,18,A34,A43,1795,A61,A75,3,A92,A103,4,A121,48,A141,A151,2,A172,1,A192,A201,1,801,female
A11,20,A34,A42,4272,A61,A75,1,A92,A101,4,A122,24,A143,A152,2,A173,1,A191,A201,1,802,female
A12,12,A32,A40,7472,A65,A71,1,A92,A101,2,A121,24,A143,A151,1,A171,1,A191,A201,1,804,female
A12,6,A32,A43,590,A61,A72,3,A94,A101,3,A121,26,A143,A152,1,A172,1,A191,A202,1,806,male
A12,15,A30,A40,1778,A61,A72,2,A92,A101,1,A121,26,A143,A151,2,A171,1,A191,A201,0,809,female
A12,8,A32,A49,907,A61,A72,3,A94,A101,2,A121,26,A143,A152,1,A173,1,A192,A201,1,810,male
A12,6,A32,A43,484,A61,A74,3,A94,A103,3,A121,28,A141,A152,1,A172,1,A191,A201,1,811,male
A12,36,A33,A40,7432,A61,A73,2,A92,A101,2,A122,54,A143,A151,1,A173,1,A191,A201,1,815,female
A14,6,A32,A44,1338,A63,A73,1,A91,A101,4,A121,62,A143,A152,1,A173,1,A191,A201,1,816,male
A14,6,A34,A43,1554,A61,A74,1,A92,A101,2,A123,24,A143,A151,2,A173,1,A192,A201,1,817,female
A11,36,A32,A410,15857,A61,A71,2,A91,A102,3,A123,43,A143,A152,1,A174,1,A191,A201,1,818,male
A11,18,A32,A43,1345,A61,A73,4,A94,A101,3,A121,26,A141,A152,1,A173,1,A191,A201,0,819,male
A14,12,A32,A40,1101,A61,A73,3,A94,A101,2,A121,27,A143,A152,2,A173,1,A192,A201,1,820,male
A13,12,A32,A43,3016,A61,A73,3,A94,A101,1,A123,24,A143,A152,1,A173,1,A191,A201,1,821,male
A14,18,A34,A42,3780,A61,A72,3,A91,A101,2,A123,35,A143,A152,2,A174,1,A192,A201,1,824,male
A11,21,A34,A40,1602,A61,A75,4,A94,A101,3,A123,30,A143,A152,2,A173,1,A192,A201,1,825,male
A11,18,A34,A40,3966,A61,A75,1,A92,A101,4,A121,33,A141,A151,3,A173,1,A192,A201,0,826,female
A11,18,A32,A40,1216,A61,A72,4,A92,A101,3,A123,23,A143,A151,1,A173,1,A192,A201,0,831,female
A12,24,A32,A43,5084,A65,A75,2,A92,A101,4,A123,42,A143,A152,1,A173,1,A192,A201,1,833,female
A13,15,A32,A43,2327,A61,A72,2,A92,A101,3,A121,25,A143,A152,1,A172,1,A191,A201,0,834,female
A14,12,A32,A43,886,A65,A73,4,A92,A101,2,A123,21,A143,A152,1,A173,1,A191,A201,1,836,female
A14,4,A32,A42,601,A61,A72,1,A92,A101,3,A121,23,A143,A151,1,A172,2,A191,A201,1,837,female
A14,24,A34,A43,2611,A61,A75,4,A94,A102,3,A121,46,A143,A152,2,A173,1,A191,A201,1,839,male
A14,18,A32,A45,1943,A61,A72,4,A92,A101,4,A121,23,A143,A152,1,A173,1,A191,A201,0,842,female
A14,24,A32,A40,1249,A61,A72,4,A94,A101,2,A121,28,A143,A152,1,A173,1,A191,A201,1,847,male
A11,20,A34,A40,2235,A61,A73,4,A94,A103,2,A122,33,A141,A151,2,A173,1,A191,A202,0,850,male
A14,24,A32,A40,1474,A62,A72,4,A94,A101,3,A121,33,A143,A152,1,A173,1,A192,A201,1,855,male
A14,10,A32,A48,894,A65,A74,4,A92,A101,3,A122,40,A143,A152,1,A173,1,A192,A201,1,856,female
A11,15,A32,A40,3959,A61,A73,3,A92,A101,2,A122,29,A143,A152,1,A173,1,A192,A201,0,858,female
A14,18,A33,A49,2169,A61,A73,4,A94,A101,2,A123,28,A143,A152,1,A173,1,A192,A201,0,861,male
A11,24,A32,A43,2439,A61,A72,4,A92,A101,4,A121,35,A143,A152,1,A173,1,A192,A201,0,862,female
A14,15,A32,A42,2221,A63,A73,2,A92,A101,4,A123,20,A143,A151,1,A173,1,A191,A201,1,865,female
A11,18,A32,A43,2389,A61,A72,4,A92,A101,1,A123,27,A142,A152,1,A173,1,A191,A201,1,866,female
A11,12,A32,A42,652,A61,A75,4,A92,A101,4,A122,24,A143,A151,1,A173,1,A191,A201,1,869,female
A14,36,A33,A42,7678,A63,A74,2,A92,A101,4,A123,40,A143,A152,2,A173,1,A192,A201,1,870,female
A14,15,A32,A44,874,A65,A72,4,A92,A101,1,A121,24,A143,A152,1,A173,1,A191,A201,1,873,female
A12,11,A34,A40,1322,A64,A73,4,A92,A101,4,A123,40,A143,A152,2,A173,1,A191,A201,1,875,female
A14,24,A32,A41,9277,A65,A73,2,A91,A101,4,A124,48,A143,A153,1,A173,1,A192,A201,1,881,male
A14,18,A34,A43,1098,A61,A71,4,A92,A101,4,A123,65,A143,A152,2,A171,1,A191,A201,1,883,female
A12,24,A32,A42,4057,A61,A74,3,A91,A101,3,A123,43,A143,A152,1,A173,1,A192,A201,0,884,male
A11,12,A32,A46,795,A61,A72,4,A92,A101,4,A122,53,A143,A152,1,A173,1,A191,A201,0,885,female
A11,21,A32,A43,2606,A61,A72,4,A92,A101,4,A122,28,A143,A151,1,A174,1,A192,A201,1,896,female
A14,12,A34,A42,1592,A64,A74,3,A92,A101,2,A122,35,A143,A152,1,A173,1,A191,A202,1,897,female
A14,15,A32,A42,2186,A65,A74,1,A92,A101,4,A121,33,A141,A151,1,A172,1,A191,A201,1,898,female
A14,20,A34,A40,3485,A65,A72,2,A91,A101,4,A121,44,A143,A152,2,A173,1,A192,A201,1,901,male
A14,15,A32,A43,1386,A65,A73,4,A94,A101,2,A121,40,A143,A151,1,A173,1,A192,A201,1,903,male
A12,36,A32,A46,3711,A65,A73,2,A94,A101,2,A123,27,A143,A152,1,A173,1,A191,A201,1,907,male
A14,15,A33,A41,3594,A61,A72,1,A92,A101,2,A122,46,A143,A152,2,A172,1,A191,A201,1,908,female
A12,9,A32,A40,3195,A65,A73,1,A92,A101,2,A121,33,A143,A152,1,A172,1,A191,A201,1,909,female
A14,36,A33,A43,4454,A61,A73,4,A92,A101,4,A121,34,A143,A152,2,A173,1,A191,A201,1,910,female
A12,24,A34,A42,4736,A61,A72,2,A92,A101,4,A123,25,A141,A152,1,A172,1,A191,A201,0,911,female
A12,30,A32,A43,2991,A65,A75,2,A92,A101,4,A123,25,A143,A152,1,A173,1,A191,A201,1,912,female
A14,11,A32,A49,2142,A64,A75,1,A91,A101,2,A121,28,A143,A152,1,A173,1,A192,A201,1,913,male
A12,48,A30,A410,18424,A61,A73,1,A92,A101,2,A122,32,A141,A152,1,A174,1,A192,A202,0,915,female
A11,24,A32,A42,2359,A62,A71,1,A91,A101,1,A122,33,A143,A152,1,A173,1,A191,A201,0,918,male
A14,18,A34,A42,1817,A61,A73,4,A92,A101,2,A124,28,A143,A152,2,A173,1,A191,A201,1,920,female
A11,9,A32,A43,1366,A61,A72,3,A92,A101,4,A122,22,A143,A151,1,A173,1,A191,A201,0,922,female
A11,24,A31,A42,6872,A61,A72,2,A91,A101,1,A122,55,A141,A152,1,A173,1,A192,A201,0,924,male
A11,18,A34,A42,1049,A61,A72,4,A92,A101,4,A122,21,A143,A151,1,A173,1,A191,A201,1,926,female
A12,9,A32,A43,1670,A61,A72,4,A92,A101,2,A123,22,A143,A152,1,A173,1,A192,A201,0,931,female
A11,12,A32,A43,1498,A61,A73,4,A92,A101,1,A123,23,A141,A152,1,A173,1,A191,A201,1,934,female
A13,9,A32,A43,745,A61,A73,3,A92,A101,2,A121,28,A143,A152,1,A172,1,A191,A201,0,936,female
A12,6,A32,A43,2063,A61,A72,4,A94,A101,3,A123,30,A143,A151,1,A174,1,A192,A201,1,937,male
A11,15,A32,A42,1845,A61,A72,4,A92,A103,1,A122,46,A143,A151,1,A173,1,A191,A201,1,944,female
A12,48,A30,A40,8358,A63,A72,1,A92,A101,1,A123,30,A143,A152,2,A173,1,A191,A201,1,945,female
A14,18,A32,A42,1533,A61,A72,4,A94,A102,1,A122,43,A143,A152,1,A172,2,A191,A201,0,948,male
A12,18,A34,A49,3590,A61,A71,3,A94,A101,3,A123,40,A143,A152,3,A171,2,A192,A201,1,950,male
A12,24,A32,A41,4113,A63,A72,3,A92,A101,4,A123,28,A143,A151,1,A173,1,A191,A201,0,952,female
A14,36,A32,A42,10974,A61,A71,4,A92,A101,2,A123,26,A143,A152,2,A174,1,A192,A201,0,953,female
A11,12,A32,A40,1893,A61,A73,4,A92,A103,4,A122,29,A143,A152,1,A173,1,A192,A201,1,954,female
A11,24,A34,A43,1231,A64,A75,4,A92,A101,4,A122,57,A143,A151,2,A174,1,A192,A201,1,955,female
A14,6,A34,A43,1740,A61,A75,2,A94,A101,2,A121,30,A143,A151,2,A173,1,A191,A201,1,960,male
A12,21,A33,A40,2353,A61,A73,1,A91,A101,4,A122,47,A143,A152,2,A173,1,A191,A201,1,961,male
A12,6,A32,A45,454,A61,A72,3,A94,A101,1,A122,22,A143,A152,1,A172,1,A191,A201,1,964,male
A12,30,A32,A43,1715,A65,A73,4,A92,A101,1,A123,26,A143,A152,1,A173,1,A191,A201,1,965,female
A14,15,A32,A43,3568,A61,A75,4,A92,A101,2,A123,54,A141,A151,1,A174,1,A192,A201,1,967,female
A14,42,A32,A43,7166,A65,A74,2,A94,A101,4,A122,29,A143,A151,1,A173,1,A192,A201,1,968,male
A11,24,A31,A40,1193,A61,A71,1,A92,A102,4,A124,29,A143,A151,2,A171,1,A191,A201,0,972,female
A14,30,A34,A43,2831,A61,A73,4,A92,A101,2,A123,33,A143,A152,1,A173,1,A192,A201,1,974,female
A13,24,A32,A43,1258,A63,A73,3,A92,A101,3,A123,57,A143,A152,1,A172,1,A191,A201,1,975,female
A12,6,A32,A43,753,A61,A73,2,A92,A103,3,A121,64,A143,A152,1,A173,1,A191,A201,1,976,female
A12,15,A31,A40,1264,A62,A73,2,A94,A101,2,A122,25,A143,A151,1,A173,1,A191,A201,0,979,male
A13,21,A32,A40,2923,A62,A73,1,A92,A101,1,A123,28,A141,A152,1,A174,1,A192,A201,1,982,female
A11,15,A34,A42,1433,A61,A73,4,A92,A101,3,A122,25,A143,A151,2,A173,1,A191,A201,1,985,female
A13,42,A30,A49,6289,A61,A72,2,A91,A101,1,A122,33,A143,A152,2,A173,1,A191,A201,1,986,male
A14,13,A32,A43,1409,A62,A71,2,A92,A101,4,A121,64,A143,A152,1,A173,1,A191,A201,1,987,female
A11,18,A32,A43,1936,A65,A74,2,A94,A101,4,A123,23,A143,A151,2,A172,1,A191,A201,1,992,male
A14,12,A32,A42,1736,A61,A74,3,A92,A101,4,A121,31,A143,A152,1,A172,1,A191,A201,1,995,female
A11,30,A32,A41,3857,A61,A73,4,A91,A101,4,A122,40,A143,A152,1,A174,1,A192,A201,1,996,male
