person_id,sex,age,credit_score,log_reg_prob,log_reg_pred
0,Male,67,0,0.023171735264321026,0.0
1,Female,22,1,0.610698518264707,1.0
2,Male,49,0,0.027219714074067678,0.0
3,Male,45,0,0.5445849030393514,1.0
4,Male,53,1,0.6479921855624192,1.0
5,Male,35,0,0.2603334885364794,0.0
6,Male,53,0,0.11776459025985084,0.0
7,Male,35,0,0.22954677762262107,0.0
8,Male,61,0,0.011479402901939606,0.0
9,Male,28,1,0.8056549022011603,1.0
10,Female,25,1,0.6644087444445066,1.0
11,Female,24,1,0.8830411305660778,1.0
12,Female,22,0,0.22017547342087512,0.0
13,Male,60,1,0.4208286468550707,0.0
14,Female,28,0,0.6538186237274833,1.0
15,Female,32,1,0.4976293634010133,0.0
16,Male,53,0,0.02874356731027299,0.0
17,Male,25,0,0.7971126181258198,1.0
18,Female,44,1,0.3992378866231466,0.0
19,Male,31,0,0.07577325965972123,0.0
20,Male,48,0,0.13212615585027457,0.0
21,Male,44,0,0.17625422545462907,0.0
22,Male,48,0,0.19646207517797418,0.0
23,Male,44,0,0.022590687531920808,0.0
24,Male,26,0,0.011410504392104125,0.0
25,Male,36,0,0.20062769089657073,0.0
26,Male,39,0,0.4239025485317271,0.0
27,Female,42,0,0.4515987804800057,0.0
28,Male,34,0,0.09785741719043627,0.0
29,Male,63,1,0.691697273276,1.0
30,Male,36,0,0.22435686372991565,0.0
31,Male,27,0,0.49422403861520203,0.0
32,Male,30,0,0.45072487659569527,0.0
33,Male,57,0,0.03753622241071032,0.0
34,Female,33,0,0.6517771507733422,1.0
35,Male,25,1,0.626498017166071,1.0
36,Male,31,0,0.18033662073699824,0.0
37,Male,37,1,0.33135168068343335,0.0
38,Male,37,0,0.10516607069879345,0.0
39,Male,24,0,0.22900510065013205,0.0
40,Male,30,0,0.3072290917962454,0.0
41,Male,26,0,0.15552541686307325,0.0
42,Male,44,0,0.30289010617891443,0.0
43,Male,24,0,0.1252535549682587,0.0
44,Female,58,1,0.5146609405053998,1.0
45,Female,35,0,0.24281783151455136,0.0
46,Male,39,0,0.18025914439394156,0.0
47,Female,23,0,0.1185865902896296,0.0
48,Male,39,0,0.10616878406180114,0.0
49,Female,28,0,0.11330082532303441,0.0
50,Male,29,0,0.51554482871624,1.0
51,Male,30,0,0.16176932139597872,0.0
52,Male,25,0,0.09037186979590883,0.0
53,Male,31,0,0.011170387465950619,0.0
54,Male,57,1,0.6120479338023105,1.0
55,Male,26,0,0.022884916591124967,0.0
56,Male,52,1,0.1410636602973172,0.0
57,Female,31,0,0.21480767140781662,0.0
58,Female,23,0,0.6327315209366541,1.0
59,Female,23,1,0.8887195347526831,1.0
60,Male,27,0,0.3832520461450495,0.0
61,Male,50,0,0.0521305192113811,0.0
62,Male,61,1,0.47374387677542446,0.0
63,Male,25,1,0.887579311268597,1.0
64,Female,26,0,0.2432555197691221,0.0
65,Male,48,0,0.31038530976925816,0.0
66,Female,29,0,0.17371215803346277,0.0
67,Male,22,0,0.32353647545503567,0.0
68,Male,37,1,0.40377753621431295,0.0
69,Female,25,0,0.16875929993611546,0.0
70,Female,30,0,0.22312493372006015,0.0
71,Male,46,0,0.025917303087995232,0.0
72,Male,51,0,0.0582643794774904,0.0
73,Female,41,0,0.546207756838334,1.0
74,Male,40,1,0.6769952636879468,1.0
75,Male,66,0,0.13047464867362907,0.0
76,Male,34,1,0.6520205084085151,1.0
77,Male,51,0,0.10362898026130346,0.0
78,Male,39,0,0.1548376053947548,0.0
79,Male,22,0,0.58340488330346,1.0
80,Female,44,1,0.04681383272505463,0.0
81,Male,47,0,0.09103518346881319,0.0
82,Female,24,0,0.2905836151728956,0.0
83,Female,58,0,0.20772068364088714,0.0
84,Male,52,0,0.18798292906587014,0.0
85,Female,29,0,0.05814524267346268,0.0
86,Female,27,0,0.3696217970099184,0.0
87,Male,47,1,0.5830422679376122,1.0
88,Male,30,0,0.49189525111172344,0.0
89,Male,28,1,0.33247960449305286,0.0
90,Male,56,0,0.018259823758781553,0.0
91,Male,54,0,0.034820830986350894,0.0
92,Female,33,1,0.02892529512962451,0.0
93,Male,20,0,0.4126125819666828,0.0
94,Male,54,0,0.18089586834010463,0.0
95,Male,58,1,0.8820385959920749,1.0
96,Female,61,0,0.04406638197918114,0.0
97,Male,34,0,0.39018014254432204,0.0
98,Male,36,0,0.20410556732539056,0.0
99,Male,36,0,0.19279694041541628,0.0
100,Male,41,0,0.2509703470786385,0.0
101,Male,24,0,0.5567393476085268,1.0
102,Female,24,0,0.05447647721707175,0.0
103,Male,35,0,0.14234439963300627,0.0
104,Male,26,0,0.03656532197991868,0.0
105,Male,39,1,0.5643218497843108,1.0
106,Male,39,1,0.9069090330194759,1.0
107,Male,32,0,0.2796024375991592,0.0
108,Female,30,0,0.12759129363722135,0.0
109,Male,35,0,0.07785980471656542,0.0
110,Male,31,0,0.3578567956180103,0.0
111,Female,23,0,0.44175804825109166,0.0
112,Male,28,0,0.5982497934417846,1.0
113,Female,25,1,0.34429548028762375,0.0
114,Male,35,0,0.2823727439882174,0.0
115,Male,47,0,0.044621991151717444,0.0
116,Female,30,1,0.43060100275518226,0.0
117,Female,27,0,0.18548572041086653,0.0
118,Female,23,1,0.26859489726431784,0.0
119,Male,36,0,0.260008522568268,0.0
120,Female,25,1,0.579350946903449,1.0
121,Female,41,0,0.10490634290620521,0.0
122,Male,24,0,0.13105981235773284,0.0
123,Male,63,0,0.16608524190160112,0.0
124,Female,27,1,0.4572474980503681,0.0
125,Male,30,0,0.4903418836869949,0.0
126,Male,40,0,0.44175313714940756,0.0
127,Male,30,1,0.6183837720732408,1.0
128,Male,34,0,0.19680431910308574,0.0
129,Female,29,1,0.7020993763047804,1.0
130,Female,24,0,0.28632577002659954,0.0
131,Male,29,1,0.753572448647503,1.0
132,Male,27,0,0.2788174251271892,0.0
133,Male,47,0,0.4927342632055406,0.0
134,Female,21,0,0.14015781669482016,0.0
135,Female,38,0,0.014981150337085374,0.0
136,Male,27,0,0.02793054716321652,0.0
137,Male,66,1,0.05317337082261044,0.0
138,Male,35,0,0.044800632056782266,0.0
139,Female,44,0,0.19178428435205663,0.0
140,Male,27,0,0.01483592823029715,0.0
141,Female,30,0,0.8040584930975283,1.0
142,Male,27,0,0.5394459916372843,1.0
143,Male,22,1,0.39914807636932453,0.0
144,Female,23,0,0.10055482907256089,0.0
145,Male,30,0,0.7028679513280323,1.0
146,Female,39,0,0.37978988193039714,0.0
147,Female,51,0,0.03606445090609004,0.0
148,Male,28,0,0.3184841067288723,0.0
149,Male,46,0,0.029327062945982686,0.0
150,Male,42,0,0.0336926074684331,0.0
151,Male,38,0,0.004951108500580498,0.0
152,Male,24,0,0.4477887764002483,0.0
153,Female,29,0,0.14058784041537292,0.0
154,Male,36,0,0.27240636742366225,0.0
155,Female,20,1,0.46467098616942343,0.0
156,Male,48,0,0.034874407982743556,0.0
157,Male,45,0,0.8543962736896682,1.0
158,Male,38,0,0.44055498335333076,0.0
159,Male,34,0,0.008886075133239527,0.0
160,Male,36,0,0.023911865565727504,0.0
161,Female,30,0,0.2242339934318079,0.0
162,Male,36,0,0.06353824876754223,0.0
163,Male,70,0,0.7156298052777857,1.0
164,Male,36,0,0.34658269796140057,0.0
165,Male,32,0,0.015784881526461663,0.0
166,Female,33,1,0.6451243430099244,1.0
167,Female,20,0,0.23816590297459794,0.0
168,Female,25,0,0.24206951779573974,0.0
169,Male,31,1,0.22634483771949357,0.0
170,Male,33,1,0.8093208937250636,1.0
171,Female,26,0,0.13591312428023736,0.0
172,Female,34,1,0.3954503497102028,0.0
173,Male,33,0,0.05859587385401291,0.0
174,Male,26,1,0.6907972126291912,1.0
175,Female,53,1,0.2797710764110256,0.0
176,Male,42,0,0.45709941254500347,0.0
177,Male,52,0,0.18014483238742146,0.0
178,Male,31,0,0.051000047040232276,0.0
179,Male,65,0,0.4505905652070491,0.0
180,Male,28,1,0.3586521578047393,0.0
181,Male,30,1,0.5120094528316947,1.0
182,Male,40,1,0.7481806474972424,1.0
183,Male,50,0,0.008651990809646942,0.0
184,Male,36,1,0.27873128547355597,0.0
185,Male,31,0,0.07037657234342293,0.0
186,Female,74,1,0.47653694794038187,0.0
187,Male,68,0,0.13135948585375623,0.0
188,Male,20,1,0.17410205242765206,0.0
189,Female,33,0,0.6266863874384315,1.0
190,Male,54,1,0.019425822996701675,0.0
191,Male,34,1,0.37713872048406794,0.0
192,Male,36,1,0.5334914043159528,1.0
193,Male,29,0,0.050701675240877014,0.0
194,Male,21,1,0.09407938754601307,0.0
195,Female,34,1,0.18416069881459862,0.0
196,Female,28,0,0.013469973010457213,0.0
197,Female,27,1,0.5385961223767568,1.0
198,Male,36,0,0.10509811708217696,0.0
199,Male,40,1,0.5246301564623901,1.0
200,Male,52,0,0.04323294071577699,0.0
201,Male,27,0,0.6452900915573563,1.0
202,Male,26,0,0.10100221727422523,0.0
203,Male,21,1,0.006072578053818157,0.0
204,Male,38,0,0.14400509540238984,0.0
205,Male,38,0,0.5635693764350085,1.0
206,Male,43,0,0.062236021128943754,0.0
207,Male,26,0,0.24911794808347934,0.0
208,Male,21,0,0.795976661613575,1.0
209,Male,55,0,0.0011254807480503863,0.0
210,Male,33,0,0.010644727446691352,0.0
211,Female,45,0,0.03603879856580121,0.0
212,Male,50,1,0.6890865800457293,1.0
213,Male,66,1,0.10400500341604674,0.0
214,Male,51,0,0.01733041666931194,0.0
215,Female,39,0,0.0082908388502022,0.0
216,Male,31,0,0.4736248834555652,0.0
217,Male,23,0,0.2840404376468535,0.0
218,Male,24,0,0.7462037948446621,1.0
219,Female,64,0,0.08511789972134823,0.0
220,Male,26,0,0.37303245473017566,0.0
221,Female,23,0,0.8577930657050752,1.0
222,Male,30,0,0.1526878881347749,0.0
223,Male,32,0,0.07106965259120276,0.0
224,Male,30,0,0.034772815340178106,0.0
225,Male,27,0,0.7938416437260813,1.0
226,Male,27,1,0.34525270081833115,0.0
227,Male,53,1,0.6370073660374346,1.0
228,Male,22,1,0.07051287189044839,0.0
229,Male,22,0,0.7436343829072966,1.0
230,Male,26,1,0.4978111019446981,0.0
231,Male,51,0,0.14982006872887235,0.0
232,Male,35,0,0.02471854819705683,0.0
233,Male,25,0,0.15486786014369383,0.0
234,Male,42,0,0.02354521691667144,0.0
235,Male,30,1,0.7239219063559944,1.0
236,Male,23,1,0.1510121577370472,0.0
237,Male,61,1,0.7799121587362124,1.0
238,Female,35,0,0.12417426693276433,0.0
239,Male,39,0,0.19730418759054993,0.0
240,Female,29,1,0.6184480710393553,1.0
241,Male,51,0,0.03415536644937726,0.0
242,Male,24,1,0.6371726505794341,1.0
243,Female,27,0,0.06862651388572158,0.0
244,Female,35,0,0.07614689511861288,0.0
245,Male,25,0,0.039883511900902766,0.0
246,Male,52,0,0.039541169149798154,0.0
247,Male,35,0,0.49905116140142347,0.0
248,Male,26,0,0.21432784467988725,0.0
249,Female,22,1,0.16561076599332478,0.0
250,Female,39,0,0.04076613096164387,0.0
251,Female,46,0,0.1800327703136448,0.0
252,Female,24,1,0.859089599902274,1.0
253,Male,35,0,0.04043750479925632,0.0
254,Male,24,0,0.04487578728022336,0.0
255,Male,27,0,0.3438050560587187,0.0
256,Male,35,0,0.09351172843369532,0.0
257,Male,29,1,0.8585501479468343,1.0
258,Female,23,0,0.01836546258410221,0.0
259,Female,57,0,0.16024248663967244,0.0
260,Male,27,0,0.28408156005017937,0.0
261,Female,55,0,0.4530904707832813,0.0
262,Male,36,0,0.6189089759122108,1.0
263,Female,57,0,0.1810937572753675,0.0
264,Male,32,0,0.022595788328276398,0.0
265,Male,37,1,0.22362200820855632,0.0
266,Male,36,0,0.07218862232654172,0.0
267,Female,38,0,0.20936909825129885,0.0
268,Male,45,1,0.32650865113826094,0.0
269,Male,25,0,0.0744885636742317,0.0
270,Male,32,0,0.01002250648135031,0.0
271,Female,37,0,0.02724395698915639,0.0
272,Male,36,0,0.9809667451316277,1.0
273,Male,28,1,0.43056641883213814,0.0
274,Male,34,1,0.6120777243993393,1.0
275,Male,32,0,0.043035799180260875,0.0
276,Female,26,0,0.09441717246904686,0.0
277,Male,49,0,0.10655961463709349,0.0
278,Female,32,1,0.11819191205514065,0.0
279,Male,29,0,0.06068427501594003,0.0
280,Male,23,0,0.022570589982956638,0.0
281,Male,50,0,0.07602249091032094,0.0
282,Male,49,0,0.16733764541365986,0.0
283,Male,63,0,0.019162652598787733,0.0
284,Male,37,0,0.5304770681364976,1.0
285,Female,35,0,0.8899327553422431,1.0
286,Male,26,0,0.5390822157814639,1.0
287,Male,31,0,0.6053333292693454,1.0
288,Female,49,0,0.19301984429822422,0.0
289,Male,48,1,0.40419063245228065,0.0
290,Male,26,0,0.016987126792099662,0.0
291,Male,28,1,0.3350982927857176,0.0
292,Female,44,0,0.18818192369051254,0.0
293,Male,56,0,0.14482591875937842,0.0
294,Male,46,0,0.4250288939429372,0.0
295,Female,26,1,0.6294589712242613,1.0
296,Female,20,0,0.03610414244524766,0.0
297,Male,45,0,0.03950021318504393,0.0
298,Male,43,0,0.06850927681900214,0.0
299,Male,32,0,0.038886843340088406,0.0
300,Female,54,0,0.036262947897917334,0.0
301,Female,42,1,0.8167668440060358,1.0
302,Male,37,1,0.1845291566147768,0.0
303,Male,49,0,0.31004951660656693,0.0
304,Male,44,1,0.4607089965354173,0.0
305,Male,33,0,0.029273275839086652,0.0
306,Female,24,0,0.08679261849885701,0.0
307,Male,33,1,0.5961606607534935,1.0
308,Female,24,1,0.26341882588896187,0.0
309,Male,22,0,0.7106093779168087,1.0
310,Male,40,0,0.19175100190251412,0.0
311,Male,25,0,0.3115407206209902,0.0
312,Female,26,0,0.3540672721664826,0.0
313,Male,25,1,0.5197652040825818,1.0
314,Male,29,0,0.02017758553196647,0.0
315,Male,31,1,0.9087010264346095,1.0
316,Male,38,0,0.20899387582890303,0.0
317,Female,48,0,0.1987681415333075,0.0
318,Male,32,0,0.18977779705837464,0.0
319,Female,27,0,0.44950260883298027,0.0
320,Male,28,1,0.7351142580369354,1.0
321,Male,32,1,0.5983052085997335,1.0
322,Male,34,0,0.18394031545914571,0.0
323,Male,28,0,0.1615528705113218,0.0
324,Female,36,0,0.14156197852063077,0.0
325,Male,39,0,0.05051582019018955,0.0
326,Male,49,0,0.01048690384864628,0.0
327,Female,34,0,0.10361105639623773,0.0
328,Male,31,0,0.3802366342191946,0.0
329,Male,28,0,0.24578181728947382,0.0
330,Male,75,0,0.1830448441754061,0.0
331,Female,30,1,0.15086298999937853,0.0
332,Female,24,1,0.9535450681409031,1.0
333,Female,24,1,0.27696216975569005,0.0
334,Male,23,1,0.9222628521890023,1.0
335,Male,44,1,0.23952525408288058,0.0
336,Female,23,0,0.25594635255367026,0.0
337,Female,24,1,0.19951711237834524,0.0
338,Male,28,0,0.6596173191427623,1.0
339,Male,31,0,0.46247102587387373,0.0
340,Female,24,0,0.6586973395988489,1.0
341,Female,26,0,0.4033709993280961,0.0
342,Male,25,0,0.2249362222609681,0.0
343,Male,33,0,0.6629614963611955,1.0
344,Male,37,0,0.20180301138935183,0.0
345,Female,43,0,0.06384603111629462,0.0
346,Male,23,0,0.05632715253920579,0.0
347,Female,23,0,0.3497035924685921,0.0
348,Male,34,0,0.01549264960621974,0.0
349,Male,32,1,0.12846219292574818,0.0
350,Female,23,0,0.02930213649378248,0.0
351,Female,29,1,0.09752942254147355,0.0
352,Male,38,0,0.003686025941706882,0.0
353,Male,28,1,0.7168993626178002,1.0
354,Male,46,0,0.1118334260922267,0.0
355,Male,23,1,0.5804479860782941,1.0
356,Male,49,0,0.01457402344843638,0.0
357,Male,26,1,0.1676943359411303,0.0
358,Male,28,0,0.13164406453731897,0.0
359,Female,23,1,0.6829814776797365,1.0
360,Male,61,0,0.3658594184417049,0.0
361,Male,37,0,0.03966226947099204,0.0
362,Female,36,0,0.29746041219121294,0.0
363,Male,21,0,0.16811441753909503,0.0
364,Male,25,1,0.48350629152918834,0.0
365,Male,36,0,0.035054524442663174,0.0
366,Male,27,0,0.012024654966301765,0.0
367,Female,22,0,0.7150428317076857,1.0
368,Male,42,1,0.6741913610858031,1.0
369,Female,40,0,0.2584502384328715,0.0
370,Male,36,0,0.19332384439465553,0.0
371,Male,33,0,0.05688077998007575,0.0
372,Female,23,0,0.055403096477884266,0.0
373,Male,63,0,0.35994225045586814,0.0
374,Female,60,1,0.8870358588644086,1.0
375,Female,37,1,0.8331866923812586,1.0
376,Male,34,0,0.09634749315848305,0.0
377,Male,36,0,0.01835264678412821,0.0
378,Male,57,1,0.8396272028002115,1.0
379,Female,52,0,0.06492104247104442,0.0
380,Male,39,0,0.11139473194806901,0.0
381,Female,38,1,0.6399062027002862,1.0
382,Female,25,0,0.27946144453434435,0.0
383,Male,26,0,0.3479212537894105,0.0
384,Male,26,0,0.0659774320734469,0.0
385,Female,25,0,0.09499260896450346,0.0
386,Female,21,0,0.0863945377909542,0.0
387,Male,40,0,0.7369620986201535,1.0
388,Male,27,0,0.12522186939089042,0.0
389,Female,27,0,0.08705389716888662,0.0
390,Male,30,0,0.1382458872644942,0.0
391,Female,19,0,0.1722011654645369,0.0
392,Male,39,0,0.7326129515222632,1.0
393,Female,31,0,0.08457589411516032,0.0
394,Male,31,0,0.02797081046763056,0.0
395,Male,32,0,0.7189107308266413,1.0
396,Female,55,0,0.6773486513419322,1.0
397,Male,46,0,0.5328532526946309,1.0
398,Male,46,1,0.44979056709331994,0.0
399,Female,43,0,0.033009860931991646,0.0
400,Male,39,0,0.08303209025909122,0.0
401,Male,28,0,0.2696878962296293,0.0
402,Male,27,1,0.17629961496484778,0.0
403,Male,27,0,0.21443041183366415,0.0
404,Male,43,0,0.3121542464973611,0.0
405,Male,22,1,0.19920475696844386,0.0
406,Male,43,0,0.0035074913116412204,0.0
407,Male,27,0,0.3710324037320567,0.0
408,Male,26,0,0.08704190565942929,0.0
409,Male,28,1,0.08524411521487577,0.0
410,Female,20,0,0.5722686493551095,1.0
411,Male,35,0,0.027209872294296857,0.0
412,Male,42,1,0.06843439741549812,0.0
413,Male,40,0,0.07901269583953392,0.0
414,Female,35,1,0.5823321069379517,1.0
415,Male,35,0,0.055767441189006575,0.0
416,Male,33,1,0.5971215569316746,1.0
417,Female,23,0,0.5816736711179039,1.0
418,Female,31,0,0.15131952513751898,0.0
419,Female,33,1,0.4530209729634722,0.0
420,Female,20,0,0.07890044960459666,0.0
421,Male,30,0,0.0689757137060744,0.0
422,Male,47,0,0.15800713544921213,0.0
423,Male,34,0,0.0729062836733258,0.0
424,Female,25,1,0.15376031814803404,0.0
425,Male,21,0,0.16964949172770116,0.0
426,Male,29,0,0.11219687052647752,0.0
427,Male,46,0,0.023878798225290068,0.0
428,Male,20,0,0.033067246688804175,0.0
429,Female,55,1,0.4208709124358549,0.0
430,Male,74,0,0.02115083654352366,0.0
431,Male,29,1,0.5920393109115639,1.0
432,Male,36,0,0.47880778579470096,0.0
433,Male,33,0,0.1055971357794208,0.0
434,Male,25,0,0.3767150759277344,0.0
435,Male,25,1,0.08820981616182078,0.0
436,Male,23,0,0.07531317459417017,0.0
437,Female,37,0,0.05062972244343191,0.0
438,Male,65,0,0.7471701006582078,1.0
439,Female,26,1,0.30529425107654423,0.0
440,Male,39,0,0.1788797707124695,0.0
441,Female,30,0,0.5863416244817554,1.0
442,Male,29,0,0.054086009046758116,0.0
443,Male,41,1,0.17797675397468732,0.0
444,Female,30,1,0.5348614804436673,1.0
445,Female,41,0,0.20818173707121582,0.0
446,Female,34,1,0.8909120068723148,1.0
447,Male,35,0,0.10772929885486783,0.0
448,Female,55,0,0.05879791489220877,0.0
449,Male,61,1,0.15620225846774652,0.0
450,Male,30,0,0.02254871746129927,0.0
451,Female,29,0,0.10171231845682929,0.0
452,Male,34,0,0.27772076164591003,0.0
453,Male,35,0,0.04395649084730802,0.0
454,Male,31,1,0.5859178181328789,1.0
455,Female,29,0,0.17654213809173233,0.0
456,Male,36,0,0.3831041706043071,0.0
457,Male,35,1,0.22764085708783652,0.0
458,Female,27,0,0.1990929062262004,0.0
459,Male,32,0,0.09761748094107339,0.0
460,Male,37,0,0.35083310782549393,0.0
461,Male,36,0,0.3068854185801455,0.0
462,Female,34,0,0.5242646789201567,1.0
463,Male,38,0,0.17656325157200622,0.0
464,Male,34,0,0.19121212705098348,0.0
465,Male,63,0,0.18391890172539116,0.0
466,Female,29,1,0.5606065789298827,1.0
467,Male,32,0,0.3269689525554353,0.0
468,Female,26,0,0.12359813331090262,0.0
469,Male,35,0,0.03378756522547635,0.0
470,Male,22,1,0.5884797058652182,1.0
471,Female,23,1,0.6744086830858425,1.0
472,Male,28,1,0.5883544430389742,1.0
473,Male,36,0,0.0004085184226902997,0.0
474,Male,33,1,0.27026967632245313,0.0
475,Female,26,1,0.5527848216876736,1.0
476,Male,24,0,0.04975248443380498,0.0
477,Male,25,0,0.38774476937815117,0.0
478,Male,39,0,0.13529048672028024,0.0
479,Male,44,0,0.19160192810888427,0.0
480,Female,23,0,0.25437664937310417,0.0
481,Male,26,0,0.7292394371500633,1.0
482,Female,57,0,0.4795204343087694,0.0
483,Female,30,0,0.023050917158033736,0.0
484,Male,44,0,0.02013183823622537,0.0
485,Male,47,1,0.33997647014346527,0.0
486,Male,52,0,0.02906119652646823,0.0
487,Female,62,0,0.47031093282929365,0.0
488,Male,35,0,0.017128364895981147,0.0
489,Male,26,0,0.12480864529337259,0.0
490,Male,26,0,0.03567506661791008,0.0
491,Female,42,1,0.7468755751487403,1.0
492,Female,27,0,0.0368771011580529,0.0
493,Male,38,0,0.06590200098566253,0.0
494,Male,39,0,0.270488269703369,0.0
495,Male,20,1,0.22406997381153518,0.0
496,Male,29,1,0.7401161543770186,1.0
497,Male,40,0,0.04425453794440181,0.0
498,Male,32,0,0.27427923115585856,0.0
499,Male,28,0,0.13694831583832157,0.0
500,Female,27,1,0.8899594741795359,1.0
501,Male,42,0,0.3987768276959224,0.0
502,Male,49,0,0.08753815735007466,0.0
503,Male,38,1,0.18394573041187018,0.0
504,Female,24,1,0.8290480181429715,1.0
505,Male,27,1,0.01719110746429208,0.0
506,Male,36,0,0.0045168138412391,0.0
507,Male,34,1,0.653671365257461,1.0
508,Male,28,0,0.2943843429095688,0.0
509,Male,45,0,0.0751784064181882,0.0
510,Male,26,1,0.2482801773114774,0.0
511,Male,32,0,0.0767135415722205,0.0
512,Male,26,0,0.07714268456599685,0.0
513,Male,20,0,0.4556849193295259,0.0
514,Male,54,0,0.20201936343270008,0.0
515,Female,37,0,0.13738249167242056,0.0
516,Male,40,0,0.13556993299490855,0.0
517,Female,23,1,0.2684276072186209,0.0
518,Male,43,0,0.2663489518158649,0.0
519,Male,36,0,0.026008276737529874,0.0
520,Male,44,0,0.20533438314890243,0.0
521,Female,24,1,0.5037347069405999,1.0
522,Male,53,1,0.9006751509678468,1.0
523,Female,23,0,0.04988539679934804,0.0
524,Female,26,0,0.3079849114990886,0.0
525,Male,30,0,0.3805187857141933,0.0
526,Female,31,0,0.3095400802625587,0.0
527,Male,42,0,0.012802903249567352,0.0
528,Male,31,1,0.8405872378204897,1.0
529,Male,41,0,0.266898417562023,0.0
530,Male,32,0,0.7295832177656205,1.0
531,Female,28,1,0.5289856815988814,1.0
532,Male,41,0,0.03331195903836146,0.0
533,Male,26,0,0.05285485741891177,0.0
534,Male,25,0,0.11226326745379489,0.0
535,Male,33,1,0.19367404315081277,0.0
536,Female,75,0,0.45128004277415396,0.0
537,Female,37,0,0.25093140730045504,0.0
538,Male,42,1,0.9499891466887195,1.0
539,Female,45,0,0.22710601925755797,0.0
540,Male,23,1,0.3067378955069791,0.0
541,Male,60,0,0.2431754705520061,0.0
542,Male,31,1,0.47655437070050854,0.0
543,Male,34,1,0.17264418834346057,0.0
544,Male,61,0,0.08694274817020443,0.0
545,Male,43,1,0.7048587874988896,1.0
546,Female,37,0,0.12766976023924148,0.0
547,Male,32,0,0.17135435742267294,0.0
548,Female,24,1,0.7980524683660817,1.0
549,Male,35,0,0.02314720530262913,0.0
550,Female,23,0,0.11401931123577161,0.0
551,Male,45,0,0.15096963827653956,0.0
552,Male,34,1,0.22860751699244095,0.0
553,Male,27,0,0.15455540888415636,0.0
554,Female,67,0,0.39204780443258486,0.0
555,Male,22,1,0.3125628828342233,0.0
556,Female,28,1,0.5378411857044952,1.0
557,Female,29,1,0.2673960144363389,0.0
558,Male,27,1,0.8256451513653903,1.0
559,Male,31,1,0.12734896741851892,0.0
560,Male,49,0,0.15847735485527784,0.0
561,Male,24,1,0.7119224065472101,1.0
562,Female,29,0,0.3264643168947613,0.0
563,Male,37,1,0.3403106443734695,0.0
564,Male,37,0,0.5411053572719215,1.0
565,Female,23,0,0.2880033142631608,0.0
566,Male,36,1,0.3124253914161085,0.0
567,Male,34,0,0.004343160732405975,0.0
568,Male,41,0,0.2716467881278786,0.0
569,Female,31,1,0.8279449898977298,1.0
570,Female,23,1,0.8089771568891025,1.0
571,Male,38,0,0.09874392270349812,0.0
572,Female,26,0,0.0482437444807519,0.0
573,Female,22,0,0.6589907580465694,1.0
574,Male,27,0,0.46649953718638215,0.0
575,Female,24,0,0.09181564901476184,0.0
576,Female,27,0,0.20291523263395614,0.0
577,Female,33,0,0.06168841041161865,0.0
578,Male,27,1,0.6759555367365676,1.0
579,Male,27,0,0.33072939556937037,0.0
580,Male,30,1,0.2307675388222543,0.0
581,Male,49,0,0.3264730628214559,0.0
582,Female,26,0,0.15260209046104775,0.0
583,Male,33,1,0.8453200004823467,1.0
584,Female,52,0,0.09996293224052175,0.0
585,Female,20,1,0.6599696195276282,1.0
586,Male,36,0,0.4097799423877175,0.0
587,Male,21,0,0.32803949788313114,0.0
588,Male,47,1,0.21272929029769774,0.0
589,Male,60,1,0.11895510325463161,0.0
590,Female,58,0,0.20737068190644806,0.0
591,Female,42,0,0.6269976031781962,1.0
592,Female,36,0,0.18610427155101228,0.0
593,Female,20,1,0.6777624794736117,1.0
594,Male,40,1,0.13349347625986624,0.0
595,Female,32,1,0.45818966180932785,0.0
596,Female,23,1,0.8816235993841821,1.0
597,Male,36,1,0.45747597178995164,0.0
598,Male,31,1,0.05773627630073131,0.0
599,Male,32,0,0.11356299989501958,0.0
600,Female,45,0,0.06485371481284756,0.0
601,Female,30,1,0.42463036503061413,0.0
602,Female,34,1,0.8618697543401278,1.0
603,Female,28,1,0.3672928953024845,0.0
604,Female,23,0,0.34020442693533076,0.0
605,Male,22,0,0.8187432774560238,1.0
606,Male,74,0,0.029111734161341128,0.0
607,Female,50,1,0.4884012735474449,0.0
608,Male,33,0,0.09181050364356363,0.0
609,Male,45,0,0.03800686747369753,0.0
610,Female,22,1,0.5180799929577425,1.0
611,Female,48,1,0.15069701832790094,0.0
612,Female,29,0,0.6282498268367758,1.0
613,Female,22,0,0.2159610039341731,0.0
614,Female,22,1,0.04131006526858522,0.0
615,Male,48,0,0.6917216135012747,1.0
616,Male,27,0,0.5576277591697291,1.0
617,Male,37,0,0.404197998506306,0.0
618,Female,21,1,0.6745394881347917,1.0
619,Male,49,0,0.24409326291600675,0.0
620,Male,27,0,0.08615577105008575,0.0
621,Male,32,1,0.18195609096460605,0.0
622,Male,38,1,0.28185299800515057,0.0
623,Female,22,0,0.7373444607967137,1.0
624,Male,65,1,0.34258142706457284,0.0
625,Male,35,0,0.04742182490042245,0.0
626,Male,41,0,0.0589266837091832,0.0
627,Male,29,1,0.27713352218442355,0.0
628,Male,36,0,0.06527972692288071,0.0
629,Male,64,0,0.020580645431984082,0.0
630,Female,28,0,0.5930807506300226,1.0
631,Male,44,1,0.7198103806678904,1.0
632,Male,23,0,0.18431213186047718,0.0
633,Female,19,1,0.3121336709418633,0.0
634,Female,25,1,0.708313049510779,1.0
635,Male,47,0,0.4562719367610196,0.0
636,Female,28,0,0.09305456985212221,0.0
637,Male,21,0,0.3497142521747824,0.0
638,Female,34,0,0.1662955410388571,0.0
639,Male,26,1,0.5613773428259088,1.0
640,Female,27,1,0.6171632465685735,1.0
641,Male,38,0,0.7609865569474956,1.0
642,Male,40,1,0.20014874078489325,0.0
643,Male,33,0,0.025421019037756124,0.0
644,Male,32,0,0.26343760075070394,0.0
645,Male,27,1,0.1383419839782075,0.0
646,Male,32,0,0.4790992184880336,0.0
647,Female,26,1,0.1298310691747641,0.0
648,Male,38,1,0.48648207438683644,0.0
649,Male,40,1,0.7958602441612229,1.0
650,Male,50,0,0.8786523174965207,1.0
651,Male,37,1,0.3719910039075124,0.0
652,Male,45,1,0.43021412310808604,0.0
653,Male,42,1,0.7223337464951916,1.0
654,Male,35,0,0.011892534981554037,0.0
655,Male,22,0,0.5491112886985381,1.0
656,Male,41,1,0.49386995568199266,0.0
657,Male,37,0,0.15770119543325867,0.0
658,Female,28,0,0.8416007633545872,1.0
659,Male,41,0,0.2697565565622524,0.0
660,Male,23,0,0.36798461828332085,0.0
661,Male,23,1,0.38355964792677333,0.0
662,Male,50,0,0.13378110723151773,0.0
663,Male,35,0,0.6647991869253842,1.0
664,Female,50,0,0.11218165075850843,0.0
665,Male,27,0,0.3364685307228573,0.0
666,Male,34,0,0.6225138033607913,1.0
667,Female,27,0,0.4759263259431465,0.0
668,Male,43,1,0.3031861076168576,0.0
669,Male,47,0,0.18293078417247818,0.0
670,Male,27,0,0.12845888580167317,0.0
671,Male,31,0,0.04632392331752375,0.0
672,Male,42,0,0.5680869629030812,1.0
673,Male,24,0,0.04217778306890804,0.0
674,Male,41,1,0.10304063103806087,0.0
675,Female,26,0,0.08816776372480019,0.0
676,Male,33,0,0.10776389054587363,0.0
677,Male,24,1,0.8608351585410842,1.0
678,Male,64,0,0.5581360757486974,1.0
679,Female,26,0,0.15853674104347235,0.0
680,Female,56,0,0.18785576778389262,0.0
681,Male,37,0,0.026704188242267314,0.0
682,Male,33,0,0.2660677724967668,0.0
683,Male,47,0,0.1857465400463284,0.0
684,Male,31,0,0.201445194899375,0.0
685,Male,34,0,0.3842912595834666,0.0
686,Male,27,0,0.028230550406293586,0.0
687,Male,30,0,0.657484949378141,1.0
688,Male,35,0,0.04381565926310771,0.0
689,Male,31,0,0.18075392517273955,0.0
690,Male,25,0,0.41954815054124905,0.0
691,Female,25,0,0.6320793980523587,1.0
692,Male,29,0,0.24187595848975815,0.0
693,Male,44,0,0.1717405326124373,0.0
694,Male,28,0,0.0685681017700868,0.0
695,Male,50,0,0.018400114860519297,0.0
696,Male,29,0,0.07360445235332988,0.0
697,Female,38,0,0.050381929992341264,0.0
698,Male,24,0,0.09951091529682185,0.0
699,Male,40,0,0.599818325348133,1.0
700,Female,29,1,0.13068511718644235,0.0
701,Male,46,1,0.30571584803073554,0.0
702,Female,47,0,0.22087234186273752,0.0
703,Male,41,0,0.6124443869580989,1.0
704,Female,32,0,0.6168377932870217,1.0
705,Female,35,0,0.29090623150057365,0.0
706,Male,24,1,0.7473422877546766,1.0
707,Female,25,1,0.8814145424447914,1.0
708,Female,25,0,0.3759925183988182,0.0
709,Male,37,0,0.2242305357878247,0.0
710,Male,32,0,0.05386523772457816,0.0
711,Female,35,1,0.8689622248787868,1.0
712,Male,46,0,0.017613720772131285,0.0
713,Male,25,0,0.24370820594823356,0.0
714,Male,27,1,0.9564696126087797,1.0
715,Male,63,0,0.014281920357470662,0.0
716,Male,40,0,0.0249217371673351,0.0
717,Male,32,0,0.15545192626968987,0.0
718,Male,31,0,0.053274021798243025,0.0
719,Male,31,0,0.47496354843913935,0.0
720,Male,34,1,0.4535916936128437,0.0
721,Female,24,1,0.8284789615685817,1.0
722,Female,24,1,0.7001209843474698,1.0
723,Female,66,0,0.17539012004409296,0.0
724,Female,21,1,0.35761828682067365,0.0
725,Female,41,0,0.07816554633369364,0.0
726,Male,47,0,0.05325952142917679,0.0
727,Female,25,1,0.89614218186305,1.0
728,Female,59,1,0.9661723260800622,1.0
729,Male,36,0,0.10241475912458056,0.0
730,Male,33,0,0.5120237417114141,1.0
731,Male,21,1,0.37480107497996035,0.0
732,Female,44,0,0.06417153578567636,0.0
733,Female,28,0,0.03720949019292845,0.0
734,Female,37,0,0.03954100189846265,0.0
735,Female,29,0,0.8277885308046845,1.0
736,Female,23,1,0.3934298442142245,0.0
737,Male,35,0,0.5726776786649839,1.0
738,Male,45,0,0.09464533847833051,0.0
739,Female,26,1,0.8439161377029335,1.0
740,Male,32,0,0.6948272126358698,1.0
741,Male,23,0,0.4304562818649442,0.0
742,Male,41,0,0.04383487344317618,0.0
743,Male,22,0,0.8145432915780991,1.0
744,Male,30,0,0.5136650540120588,1.0
745,Male,28,0,0.43736880958417423,0.0
746,Female,23,0,0.6940421334920496,1.0
747,Female,37,1,0.45854418459829266,0.0
748,Male,26,0,0.009423234847743314,0.0
749,Male,33,0,0.014933560564214344,0.0
750,Female,49,0,0.42969700310390646,0.0
751,Female,23,1,0.6347155581175572,1.0
752,Female,23,0,0.17554395757706476,0.0
753,Female,25,0,0.2286630801846118,0.0
754,Male,55,1,0.05358334606064741,0.0
755,Female,32,1,0.595211506346231,1.0
756,Male,74,0,0.00781784447789184,0.0
757,Male,39,1,0.024258542230491523,0.0
758,Male,31,0,0.08050812647299305,0.0
759,Male,35,1,0.4749993675011912,0.0
760,Female,59,0,0.04372825418453798,0.0
761,Female,24,1,0.7037902650373689,1.0
762,Male,24,0,0.44649183319558544,0.0
763,Male,30,1,0.11401609177547585,0.0
764,Male,27,0,0.19626649367187188,0.0
765,Male,40,0,0.1714699652972855,0.0
766,Male,31,1,0.6384389861870575,1.0
767,Female,31,0,0.019644446837294334,0.0
768,Male,28,0,0.3046079793477269,0.0
769,Male,63,0,0.018902349208841564,0.0
770,Female,26,0,0.2296884946868337,0.0
771,Female,25,1,0.9285210104913945,1.0
772,Male,36,0,0.013509765148044405,0.0
773,Male,52,0,0.10927670669343426,0.0
774,Male,66,0,0.251694913263698,0.0
775,Female,25,1,0.440978707610645,0.0
776,Male,37,0,0.09640873448943531,0.0
777,Female,25,0,0.3194178244881858,0.0
778,Male,38,0,0.009590781591898358,0.0
779,Female,67,0,0.5498628345006447,1.0
780,Male,25,1,0.047387913534942656,0.0
781,Male,60,0,0.04019011261584153,0.0
782,Male,31,0,0.04531379153404414,0.0
783,Female,23,1,0.8426042619275604,1.0
784,Male,60,0,0.0653605197418288,0.0
785,Male,35,0,0.08746394754875328,0.0
786,Male,40,0,0.09311337765175104,0.0
787,Male,38,0,0.02287485807988126,0.0
788,Male,50,1,0.7267203606787506,1.0
789,Male,27,1,0.699966579444027,1.0
790,Female,39,1,0.23234497016691483,0.0
791,Male,41,0,0.025067623075501613,0.0
792,Male,27,0,0.011788518519682364,0.0
793,Male,51,0,0.4406047310731013,0.0
794,Male,32,0,0.19989738295392087,0.0
795,Female,22,0,0.10419272657281599,0.0
796,Male,51,1,0.04868095455114527,0.0
797,Female,22,0,0.13149806355353916,0.0
798,Male,54,0,0.08061879547116156,0.0
799,Male,35,0,0.2060949621954537,0.0
800,Male,54,0,0.2387102974726065,0.0
801,Female,48,0,0.09986548565439143,0.0
802,Female,24,0,0.37863516365070465,0.0
803,Male,35,0,0.025439003073751125,0.0
804,Female,24,0,0.2620158370361011,0.0
805,Male,24,1,0.5483333803279722,1.0
806,Male,26,0,0.10873470256972989,0.0
807,Male,65,0,0.016058155864706762,0.0
808,Male,55,0,0.8439752230657356,1.0
809,Female,26,1,0.44334351413619993,0.0
810,Male,26,0,0.28058569347907636,0.0
811,Male,28,0,0.10774844832758257,0.0
812,Male,24,1,0.19144822358527103,0.0
813,Male,54,1,0.4282627413849104,0.0
814,Male,46,1,0.7895656470072435,1.0
815,Female,54,0,0.7038531168592747,1.0
816,Male,62,0,0.01393045846779885,0.0
817,Female,24,0,0.01801296503274467,0.0
818,Male,43,0,0.9345558708368205,1.0
819,Male,26,1,0.606589655622524,1.0
820,Male,27,0,0.2504164713097064,0.0
821,Male,24,0,0.3956298002786071,0.0
822,Male,41,1,0.596596083737788,1.0
823,Male,47,0,0.23885605900746987,0.0
824,Male,35,0,0.08886079942160123,0.0
825,Male,30,0,0.6077520833802383,1.0
826,Female,33,1,0.7142270294538346,1.0
827,Male,36,1,0.39864981587714976,0.0
828,Male,47,1,0.3392587571720478,0.0
829,Male,38,0,0.5094931161466831,1.0
830,Male,44,0,0.06098585903390742,0.0
831,Female,23,1,0.7340330131571642,1.0
832,Male,29,1,0.9112748179643793,1.0
833,Female,42,0,0.2492842804229251,0.0
834,Female,25,1,0.24343782353425736,0.0
835,Male,48,1,0.8160501732454887,1.0
836,Female,21,0,0.07846642381784237,0.0
837,Female,23,0,0.1425299526559781,0.0
838,Male,63,0,0.12542560891267107,0.0
839,Male,46,0,0.20690829183817308,0.0
840,Male,29,1,0.48329774989696467,0.0
841,Male,28,0,0.06595463199834961,0.0
842,Female,23,1,0.4886190591110419,0.0
843,Male,50,0,0.126499521612878,0.0
844,Male,47,0,0.24212333288925814,0.0
845,Male,35,0,0.065162875398762,0.0
846,Male,68,1,0.07645501124094109,0.0
847,Male,28,0,0.25352053631596383,0.0
848,Male,59,0,0.06712606474563126,0.0
849,Male,57,1,0.21102574021883055,0.0
850,Male,33,1,0.12594014043145943,0.0
851,Male,43,0,0.005510570497991773,0.0
852,Male,35,0,0.055194577389626145,0.0
853,Male,32,1,0.8515724859071343,1.0
854,Male,45,0,0.4279890968206061,0.0
855,Male,33,0,0.1365022475831332,0.0
856,Female,40,0,0.003461740560868675,0.0
857,Male,28,0,0.05323840031612458,0.0
858,Female,29,1,0.6061036307909387,1.0
859,Male,26,0,0.03111420380200264,0.0
860,Male,27,0,0.02036966080948572,0.0
861,Male,28,1,0.1587172163100913,0.0
862,Female,35,1,0.4249098410399952,0.0
863,Male,32,0,0.06201508807510178,0.0
864,Male,25,1,0.13704146589116162,0.0
865,Female,20,0,0.1696836736862597,0.0
866,Female,27,0,0.6418155564131668,1.0
867,Male,42,0,0.027734495163297658,0.0
868,Male,37,0,0.2532502417893842,0.0
869,Female,24,0,0.7117790214248706,1.0
870,Female,40,0,0.15840906615625275,0.0
871,Male,46,0,0.03130080169787889,0.0
872,Male,26,0,0.09574476664551693,0.0
873,Female,24,0,0.0651686411917189,0.0
874,Male,29,0,0.6177460849726597,1.0
875,Female,40,0,0.26001600778177086,0.0
876,Male,36,0,0.9442355219526078,1.0
877,Male,28,0,0.24478662072835286,0.0
878,Male,27,1,0.5366011345772235,1.0
879,Male,36,0,0.026667180253512772,0.0
880,Male,38,0,0.03367504520789574,0.0
881,Male,48,0,0.05698896921097424,0.0
882,Male,36,0,0.2921295809409326,0.0
883,Female,65,0,0.05504471858523719,0.0
884,Male,43,1,0.2840654057860384,0.0
885,Female,53,1,0.6566214646995916,1.0
886,Male,34,0,0.11507887728345371,0.0
887,Male,23,1,0.7489764431729958,1.0
888,Male,34,0,0.38496675553838594,0.0
889,Male,40,0,0.021382041761133442,0.0
890,Male,43,0,0.8447978989377148,1.0
891,Male,46,0,0.04388099290306649,0.0
892,Male,38,0,0.3235417195682794,0.0
893,Male,34,0,0.11363938530351321,0.0
894,Male,29,0,0.016132497794721277,0.0
895,Male,31,0,0.03606918298933249,0.0
896,Female,28,0,0.7317307036939678,1.0
897,Female,35,0,0.003384295464475581,0.0
898,Female,33,0,0.06447271399925218,0.0
899,Male,42,1,0.23267046962853338,0.0
900,Male,43,1,0.1685872433115526,0.0
901,Male,44,0,0.03876033157633441,0.0
902,Male,42,0,0.028461426487996128,0.0
903,Male,40,0,0.039639588527865664,0.0
904,Male,36,0,0.07285581718105827,0.0
905,Male,20,0,0.357400318231768,0.0
906,Male,24,0,0.1445745676328089,0.0
907,Male,27,0,0.4143843607897927,0.0
908,Female,46,0,0.0494497528548497,0.0
909,Female,33,0,0.306598158004821,0.0
910,Female,34,0,0.29177756516076125,0.0
911,Female,25,1,0.6005658314179019,1.0
912,Female,25,0,0.2915130432762932,0.0
913,Male,28,0,0.020134753974076897,0.0
914,Male,31,1,0.8131856790318766,1.0
915,Female,32,1,0.7751030642426149,1.0
916,Male,32,0,0.009202199493327038,0.0
917,Male,68,1,0.6506842064453426,1.0
918,Male,33,1,0.31427576073567465,0.0
919,Male,39,1,0.6605882704109716,1.0
920,Female,28,0,0.21126468590587485,0.0
921,Male,37,0,0.20688357573955435,0.0
922,Female,22,1,0.5955160542889536,1.0
923,Male,30,0,0.49586702468403693,0.0
924,Male,55,1,0.7039622525223357,1.0
925,Male,46,1,0.8099471195341182,1.0
926,Female,21,0,0.6174460744248589,1.0
927,Male,39,1,0.6041389131260192,1.0
928,Male,58,0,0.03567490054104841,0.0
929,Male,43,0,0.5262733245344938,1.0
930,Male,24,0,0.5297079165938938,1.0
931,Female,22,1,0.4215961362622111,0.0
932,Male,30,0,0.07590284870426355,0.0
933,Male,42,0,0.02694756892449082,0.0
934,Female,23,0,0.6707330120198087,1.0
935,Male,30,1,0.6852565585179088,1.0
936,Female,28,1,0.20607845986113035,0.0
937,Male,30,0,0.5801918106405949,1.0
938,Male,42,1,0.9383013402502905,1.0
939,Male,46,0,0.011696867587027772,0.0
940,Male,45,0,0.06714785535628293,0.0
941,Male,31,0,0.06647600609340636,0.0
942,Male,31,0,0.04302535801437738,0.0
943,Male,42,0,0.015837703515440914,0.0
944,Female,46,0,0.3913086833809684,0.0
945,Female,30,0,0.9375075064383134,1.0
946,Male,30,1,0.7568199532666259,1.0
947,Male,38,0,0.24925321520548213,0.0
948,Male,43,1,0.1404261643852985,0.0
949,Male,31,1,0.08518289908484464,0.0
950,Male,40,0,0.34639972181504997,0.0
951,Male,24,1,0.31491771604761154,0.0
952,Female,28,1,0.28682441180380813,0.0
953,Female,26,1,0.6469571901494013,1.0
954,Female,29,0,0.24671967193783115,0.0
955,Female,57,0,0.4471490435521547,0.0
956,Male,49,0,0.10598681909539834,0.0
957,Male,37,0,0.17803562592475985,0.0
958,Male,45,1,0.6801790097197474,1.0
959,Male,30,0,0.5123701623781464,1.0
960,Male,30,0,0.046704307002287,0.0
961,Male,47,0,0.5535209039020826,1.0
962,Male,29,0,0.10757420829677734,0.0
963,Male,35,1,0.1165418840012948,0.0
964,Male,22,0,0.8006611581847456,1.0
965,Female,26,0,0.3897646566647505,0.0
966,Male,23,1,0.2545302873485398,0.0
967,Female,54,0,0.30844657647604196,0.0
968,Male,29,0,0.1226856046259353,0.0
969,Male,40,0,0.37563158071086644,0.0
970,Male,22,0,0.1362761996689295,0.0
971,Male,43,0,0.24912678053091977,0.0
972,Female,29,1,0.9006794555683068,1.0
973,Male,36,1,0.9553976568506369,1.0
974,Female,33,0,0.12456149576307891,0.0
975,Female,57,0,0.2161652556363069,0.0
976,Female,64,0,0.055590662899711575,0.0
977,Male,42,0,0.1681581438736106,0.0
978,Male,47,1,0.22773870796247553,0.0
979,Male,25,1,0.6311375066570648,1.0
980,Male,49,1,0.11292555122288592,0.0
981,Male,33,1,0.3546042252277399,0.0
982,Female,28,0,0.585670582644786,1.0
983,Male,26,1,0.341698420365599,0.0
984,Male,30,0,0.05814609400695647,0.0
985,Female,25,0,0.6729744465265669,1.0
986,Male,33,0,0.7895807224248758,1.0
987,Female,64,0,0.01894347194490555,0.0
988,Male,29,0,0.5219991822055533,1.0
989,Male,48,0,0.15629524535736464,0.0
990,Male,37,0,0.05977744355893908,0.0
991,Male,34,0,0.31373501047678315,0.0
992,Male,23,0,0.2450150675085562,0.0
993,Male,30,0,0.6348547641029574,1.0
994,Male,50,0,0.05730166272767194,0.0
995,Female,31,0,0.11429516415063616,0.0
996,Male,40,0,0.5476772891689974,1.0
997,Male,38,0,0.08530848367379598,0.0
998,Male,23,1,0.7133097104472003,1.0
999,Male,27,0,0.2781397417817271,0.0
